unique_id,forecast_week,sales_prediction,store_type
store_1,1,21681.355,c
store_1,2,28624.885000000002,c
store_1,3,27145.375,c
store_1,4,21828.79,c
store_1,5,26256.375,c
store_1,6,21682.17,c
store_10,1,33679.815,d
store_10,2,45885.84,d
store_10,3,44443.475,d
store_10,4,34326.985,d
store_10,5,45298.14,d
store_10,6,34850.24,d
store_100,1,31209.145,c
store_100,2,45575.17,c
store_100,3,44293.4,c
store_100,4,35021.27,c
store_100,5,45120.28,c
store_100,6,36079.15,c
store_101,1,23737.25,a
store_101,2,32892.16,a
store_101,3,31829.66,a
store_101,4,23606.05,a
store_101,5,30256.185,a
store_101,6,22669.57,a
store_102,1,34361.4,a
store_102,2,46025.195,a
store_102,3,45876.235,a
store_102,4,35104.67,a
store_102,5,43491.520000000004,a
store_102,6,34152.235,a
store_103,1,36909.165,d
store_103,2,54158.24,d
store_103,3,53559.795,d
store_103,4,42831.44,d
store_103,5,56592.065,d
store_103,6,45484.71,d
store_104,1,26415.915,d
store_104,2,37626.13,d
store_104,3,36346.020000000004,d
store_104,4,28136.47,d
store_104,5,36714.41,d
store_104,6,28866.21,d
store_105,1,30850.6,d
store_105,2,41135.58,d
store_105,3,40519.31,d
store_105,4,30777.315,d
store_105,5,39880.85,d
store_105,6,29795.24,d
store_106,1,31581.285,a
store_106,2,46684.270000000004,a
store_106,3,43912.86,a
store_106,4,34634.22,a
store_106,5,45736.115,a
store_106,6,36029.215,a
store_107,1,26953.045,d
store_107,2,41326.89,d
store_107,3,39897.055,d
store_107,4,31277.025,d
store_107,5,42048.785,d
store_107,6,32331.8,d
store_108,1,39682.545,d
store_108,2,57471.945,d
store_108,3,54487.83,d
store_108,4,41599.94,d
store_108,5,54945.525,d
store_108,6,41326.854999999996,d
store_109,1,26241.955,a
store_109,2,40355.255000000005,a
store_109,3,39850.215000000004,a
store_109,4,30277.475,a
store_109,5,41857.735,a
store_109,6,32238.25,a
store_11,1,42230.020000000004,a
store_11,2,57921.665,a
store_11,3,55300.505,a
store_11,4,44189.115,a
store_11,5,56804.44,a
store_11,6,44934.479999999996,a
store_110,1,26573.015,d
store_110,2,33443.4,d
store_110,3,33328.93,d
store_110,4,27300.985,d
store_110,5,34772.03,d
store_110,6,27796.870000000003,d
store_111,1,48778.405,a
store_111,2,62816.95,a
store_111,3,62400.715,a
store_111,4,47737.215,a
store_111,5,57665.22,a
store_111,6,45335.085,a
store_112,1,32334.935,c
store_112,2,45840.26,c
store_112,3,44677.45,c
store_112,4,34674.35,c
store_112,5,44740.66,c
store_112,6,34120.22,c
store_113,1,41447.89,d
store_113,2,57653.095,d
store_113,3,56003.09,d
store_113,4,43866.45,d
store_113,5,57569.68,d
store_113,6,45518.405,d
store_114,1,35758.725,a
store_114,2,45448.625,a
store_114,3,43526.04,a
store_114,4,33681.26,a
store_114,5,39973.6,a
store_114,6,31867.309999999998,a
store_115,1,26775.835,d
store_115,2,37254.06,d
store_115,3,35379.595,d
store_115,4,29056.405,d
store_115,5,36742.11,d
store_115,6,30211.1,d
store_116,1,34613.13,d
store_116,2,46396.32,d
store_116,3,45890.185,d
store_116,4,36468.0,d
store_116,5,47344.225,d
store_116,6,37716.635,d
store_117,1,36440.83,a
store_117,2,49065.2,a
store_117,3,47953.145000000004,a
store_117,4,35642.055,a
store_117,5,44844.7,a
store_117,6,32998.035,a
store_118,1,54152.325,a
store_118,2,79768.725,a
store_118,3,76173.58,a
store_118,4,58869.38,a
store_118,5,73979.22499999999,a
store_118,6,55512.095,a
store_119,1,37953.845,a
store_119,2,51653.619999999995,a
store_119,3,50257.814999999995,a
store_119,4,43779.815,a
store_119,5,53380.425,a
store_119,6,43970.520000000004,a
store_12,1,30835.78,a
store_12,2,43455.5,a
store_12,3,40889.89,a
store_12,4,31155.085,a
store_12,5,39143.784999999996,a
store_12,6,31948.77,a
store_120,1,14526.19,d
store_120,2,21492.91,d
store_120,3,22083.155,d
store_120,4,17086.72,d
store_120,5,22821.215,d
store_120,6,17227.66,d
store_121,1,23186.495,a
store_121,2,31397.605,a
store_121,3,28970.774999999998,a
store_121,4,24067.425,a
store_121,5,28203.93,a
store_121,6,23830.454999999998,a
store_122,1,39699.130000000005,d
store_122,2,53838.925,d
store_122,3,51652.89,d
store_122,4,39482.125,d
store_122,5,52309.31,d
store_122,6,41267.625,d
store_123,1,41695.26,d
store_123,2,53403.585,d
store_123,3,50457.31,d
store_123,4,38047.645,d
store_123,5,47986.515,d
store_123,6,36053.020000000004,d
store_124,1,29160.02,c
store_124,2,39020.055,c
store_124,3,37179.63,c
store_124,4,28041.355,c
store_124,5,35036.195,c
store_124,6,26328.345,c
store_125,1,26434.905,c
store_125,2,37140.229999999996,c
store_125,3,36595.79,c
store_125,4,28258.07,c
store_125,5,37389.165,c
store_125,6,29953.089999999997,c
store_126,1,15781.1,a
store_126,2,20091.205,a
store_126,3,20169.655,a
store_126,4,16501.54,a
store_126,5,20714.295,a
store_126,6,16842.045,a
store_127,1,22584.73,a
store_127,2,31255.655000000002,a
store_127,3,30537.0,a
store_127,4,23257.325,a
store_127,5,29669.989999999998,a
store_127,6,22979.82,a
store_128,1,33267.45,d
store_128,2,46581.26,d
store_128,3,44981.16,d
store_128,4,36282.31,d
store_128,5,46557.32,d
store_128,6,38815.52,d
store_129,1,39741.01,d
store_129,2,52893.96,d
store_129,3,51684.175,d
store_129,4,43747.795,d
store_129,5,54614.635,d
store_129,6,44081.78,d
store_13,1,25286.43,c
store_13,2,38831.82,c
store_13,3,37644.04,c
store_13,4,28133.1,c
store_13,5,38615.55,c
store_13,6,29367.66,c
store_130,1,31706.17,a
store_130,2,43222.104999999996,a
store_130,3,42464.655,a
store_130,4,31832.415,a
store_130,5,40421.06,a
store_130,6,31516.25,a
store_131,1,29473.84,a
store_131,2,38453.065,a
store_131,3,36418.925,a
store_131,4,27844.705,a
store_131,5,34503.759999999995,a
store_131,6,26507.7,a
store_132,1,38549.795,d
store_132,2,49362.25,d
store_132,3,49280.185,d
store_132,4,38859.925,d
store_132,5,48240.479999999996,d
store_132,6,38872.175,d
store_133,1,42856.335,d
store_133,2,63538.86,d
store_133,3,59110.299999999996,d
store_133,4,44816.88,d
store_133,5,59304.19,d
store_133,6,45724.235,d
store_134,1,40400.07,d
store_134,2,58144.520000000004,d
store_134,3,55738.799999999996,d
store_134,4,44430.3,d
store_134,5,57248.58,d
store_134,6,45443.015,d
store_135,1,47193.955,a
store_135,2,60718.64,a
store_135,3,59857.06,a
store_135,4,47244.395000000004,a
store_135,5,58672.854999999996,a
store_135,6,46626.29,a
store_136,1,48355.865,d
store_136,2,66919.99,d
store_136,3,63361.235,d
store_136,4,48405.085,d
store_136,5,61678.725,d
store_136,6,47679.515,d
store_137,1,23433.05,a
store_137,2,34872.825,a
store_137,3,33019.0,a
store_137,4,25139.555,a
store_137,5,32536.775,a
store_137,6,25150.85,a
store_138,1,34854.255,a
store_138,2,46816.565,a
store_138,3,46690.53,a
store_138,4,36204.825,a
store_138,5,44700.79,a
store_138,6,35889.865000000005,a
store_139,1,26282.02,d
store_139,2,37848.395,d
store_139,3,36978.275,d
store_139,4,29241.745,d
store_139,5,39240.549999999996,d
store_139,6,31197.675,d
store_14,1,27226.91,d
store_14,2,40244.97,d
store_14,3,38088.515,d
store_14,4,28605.975,d
store_14,5,38725.744999999995,d
store_14,6,29535.980000000003,d
store_140,1,30655.045,d
store_140,2,41433.43,d
store_140,3,39922.055,d
store_140,4,30674.355,d
store_140,5,39657.020000000004,d
store_140,6,32006.89,d
store_141,1,20848.1,d
store_141,2,30400.39,d
store_141,3,29622.42,d
store_141,4,22776.755,d
store_141,5,30853.315000000002,d
store_141,6,23159.5,d
store_142,1,24002.47,d
store_142,2,39539.095,d
store_142,3,37349.655,d
store_142,4,27027.845,d
store_142,5,38955.695,d
store_142,6,27694.5,d
store_143,1,50881.72,a
store_143,2,65956.285,a
store_143,3,64192.29,a
store_143,4,52722.775,a
store_143,5,63418.270000000004,a
store_143,6,52690.159999999996,a
store_144,1,35823.415,c
store_144,2,49990.755,c
store_144,3,49401.655,c
store_144,4,38067.21,c
store_144,5,48918.525,c
store_144,6,38941.095,c
store_145,1,37426.485,d
store_145,2,53654.4,d
store_145,3,52566.534999999996,d
store_145,4,38897.950000000004,d
store_145,5,51993.83,d
store_145,6,37981.525,d
store_146,1,38941.365,a
store_146,2,51388.27,a
store_146,3,51347.185,a
store_146,4,40529.14,a
store_146,5,49788.6,a
store_146,6,39129.2,a
store_147,1,28661.485,d
store_147,2,39919.065,d
store_147,3,39047.47,d
store_147,4,31603.53,d
store_147,5,41481.225,d
store_147,6,33300.055,d
store_148,1,41497.61,d
store_148,2,60290.155,d
store_148,3,56787.765,d
store_148,4,42754.270000000004,d
store_148,5,56968.545,d
store_148,6,42765.095,d
store_149,1,94047.685,a
store_149,2,111313.47,a
store_149,3,111073.5,a
store_149,4,94671.195,a
store_149,5,114058.605,a
store_149,6,95874.595,a
store_15,1,44993.03,a
store_15,2,59749.66,a
store_15,3,56705.095,a
store_15,4,43416.41,a
store_15,5,55435.64,a
store_15,6,42414.445,a
store_150,1,46397.37,d
store_150,2,64113.205,d
store_150,3,59010.865,d
store_150,4,44525.7,d
store_150,5,57111.229999999996,d
store_150,6,43556.765,d
store_151,1,25150.59,a
store_151,2,38684.235,a
store_151,3,36888.72,a
store_151,4,28108.815,a
store_151,5,36799.495,a
store_151,6,29136.64,a
store_152,1,14270.205,d
store_152,2,21173.765,d
store_152,3,21056.475,d
store_152,4,15691.35,d
store_152,5,20961.405,d
store_152,6,15333.23,d
store_153,1,30379.545,c
store_153,2,41734.935,c
store_153,3,39942.725,c
store_153,4,31198.775,c
store_153,5,41555.185,c
store_153,6,34198.375,c
store_154,1,36293.065,a
store_154,2,49053.54,a
store_154,3,48951.435,a
store_154,4,37988.715,a
store_154,5,45742.82,a
store_154,6,35932.95,a
store_155,1,87014.23,b
store_155,2,96783.54,b
store_155,3,101726.715,b
store_155,4,92906.745,b
store_155,5,106436.36499999999,b
store_155,6,82210.79,b
store_156,1,135596.635,b
store_156,2,151167.14,b
store_156,3,150665.795,b
store_156,4,139086.335,b
store_156,5,147752.0,b
store_156,6,107801.14,b
store_157,1,26865.645,a
store_157,2,39771.515,a
store_157,3,37720.435,a
store_157,4,28416.52,a
store_157,5,37332.935,a
store_157,6,28394.16,a
store_158,1,44048.835,c
store_158,2,56723.795,c
store_158,3,56654.445,c
store_158,4,45217.695,c
store_158,5,55920.055,c
store_158,6,44606.07,c
store_159,1,23310.835,a
store_159,2,34161.52,a
store_159,3,32260.46,a
store_159,4,24834.925,a
store_159,5,32451.61,a
store_159,6,25400.195,a
store_16,1,50023.83,c
store_16,2,63572.565,c
store_16,3,61076.494999999995,c
store_16,4,47885.95,c
store_16,5,58057.565,c
store_16,6,45841.495,c
store_160,1,36364.37,a
store_160,2,51077.54,a
store_160,3,50413.735,a
store_160,4,38322.195,a
store_160,5,48598.99,a
store_160,6,37044.95,a
store_161,1,29017.52,a
store_161,2,43133.22,a
store_161,3,41736.665,a
store_161,4,31533.745,a
store_161,5,41337.095,a
store_161,6,31593.23,a
store_162,1,37265.92,a
store_162,2,52224.020000000004,a
store_162,3,49932.034999999996,a
store_162,4,38459.32,a
store_162,5,49975.05,a
store_162,6,38271.865,a
store_163,1,45458.32,b
store_163,2,57970.235,b
store_163,3,59163.715000000004,b
store_163,4,57510.86,b
store_163,5,70130.52,b
store_163,6,58078.94,b
store_164,1,36711.59,a
store_164,2,54038.04,a
store_164,3,51534.045,a
store_164,4,39899.53,a
store_164,5,52339.54,a
store_164,6,40386.595,a
store_165,1,32293.160000000003,d
store_165,2,43108.115,d
store_165,3,41891.96,d
store_165,4,32983.270000000004,d
store_165,5,42142.9,d
store_165,6,34633.535,d
store_166,1,31873.3,d
store_166,2,44654.35,d
store_166,3,44034.965,d
store_166,4,35344.37,d
store_166,5,46030.165,d
store_166,6,36217.795,d
store_167,1,27834.515,a
store_167,2,37310.885,a
store_167,3,36512.315,a
store_167,4,29257.559999999998,a
store_167,5,37230.345,a
store_167,6,30183.95,a
store_168,1,30524.65,d
store_168,2,39752.075000000004,d
store_168,3,40176.51,d
store_168,4,30900.625,d
store_168,5,39744.73,d
store_168,6,30123.93,d
store_169,1,33325.56,a
store_169,2,45711.45,a
store_169,3,43872.11,a
store_169,4,33007.55,a
store_169,5,42670.104999999996,a
store_169,6,31598.15,a
store_17,1,41181.63,a
store_17,2,56392.83,a
store_17,3,51651.735,a
store_17,4,38307.885,a
store_17,5,47841.57,a
store_17,6,37309.659999999996,a
store_170,1,31818.22,a
store_170,2,46139.09,a
store_170,3,44248.985,a
store_170,4,33326.784999999996,a
store_170,5,44827.245,a
store_170,6,33627.55,a
store_171,1,33105.585,a
store_171,2,47661.94,a
store_171,3,46870.225,a
store_171,4,38407.659999999996,a
store_171,5,51423.85,a
store_171,6,42930.625,a
store_172,1,34324.86,a
store_172,2,47949.895000000004,a
store_172,3,46507.99,a
store_172,4,34681.995,a
store_172,5,46450.64,a
store_172,6,34334.645,a
store_173,1,34130.93,a
store_173,2,50273.895,a
store_173,3,47695.935,a
store_173,4,35314.58,a
store_173,5,48096.695,a
store_173,6,35480.445,a
store_174,1,59025.48,d
store_174,2,77291.09,d
store_174,3,74163.595,d
store_174,4,66653.405,d
store_174,5,79114.205,d
store_174,6,63426.315,d
store_175,1,38078.93,a
store_175,2,52749.75,a
store_175,3,50446.93,a
store_175,4,38608.985,a
store_175,5,49234.92,a
store_175,6,37481.85,a
store_176,1,27132.535,a
store_176,2,36502.555,a
store_176,3,36039.04,a
store_176,4,28703.34,a
store_176,5,36548.68,a
store_176,6,29118.89,a
store_177,1,18131.615,d
store_177,2,25515.52,d
store_177,3,26573.77,d
store_177,4,21467.57,d
store_177,5,27696.095,d
store_177,6,22659.225,d
store_178,1,29299.515,a
store_178,2,40994.42,a
store_178,3,39127.07,a
store_178,4,30043.48,a
store_178,5,38951.325,a
store_178,6,29580.735,a
store_179,1,32851.74,a
store_179,2,47034.275,a
store_179,3,45154.24,a
store_179,4,35095.075,a
store_179,5,44066.83,a
store_179,6,35806.44,a
store_18,1,38906.875,d
store_18,2,56147.975,d
store_18,3,53503.425,d
store_18,4,40786.825,d
store_18,5,55268.06,d
store_18,6,42016.59,d
store_180,1,33946.520000000004,c
store_180,2,49343.455,c
store_180,3,47208.5,c
store_180,4,38960.31,c
store_180,5,49491.38,c
store_180,6,42279.685,c
store_181,1,40489.695,a
store_181,2,54503.36,a
store_181,3,53045.835,a
store_181,4,40111.86,a
store_181,5,49259.125,a
store_181,6,38786.81,a
store_182,1,31110.345,d
store_182,2,42651.965000000004,d
store_182,3,41569.1,d
store_182,4,30956.475,d
store_182,5,40336.729999999996,d
store_182,6,30286.25,d
store_183,1,48924.11,a
store_183,2,66438.525,a
store_183,3,63390.67,a
store_183,4,52271.175,a
store_183,5,63031.21,a
store_183,6,51261.075,a
store_184,1,34646.86,a
store_184,2,50545.41,a
store_184,3,48410.590000000004,a
store_184,4,36823.770000000004,a
store_184,5,49426.63,a
store_184,6,37932.615,a
store_185,1,28287.33,d
store_185,2,42848.71,d
store_185,3,41248.275,d
store_185,4,32859.715,d
store_185,5,43392.295,d
store_185,6,35866.56,d
store_186,1,22922.965,a
store_186,2,30729.01,a
store_186,3,29961.515,a
store_186,4,22611.87,a
store_186,5,28193.16,a
store_186,6,21528.83,a
store_187,1,24231.735,a
store_187,2,31353.58,a
store_187,3,31297.945,a
store_187,4,25859.04,a
store_187,5,32398.265,a
store_187,6,28164.475,a
store_188,1,49542.06,d
store_188,2,68866.895,d
store_188,3,65044.06,d
store_188,4,50831.815,d
store_188,5,65627.655,d
store_188,6,49835.055,d
store_189,1,34038.05,a
store_189,2,44429.415,a
store_189,3,43436.685,a
store_189,4,33384.78,a
store_189,5,39066.765,a
store_189,6,30641.865,a
store_19,1,19691.14,a
store_19,2,27572.97,a
store_19,3,27470.665,a
store_19,4,22198.815,a
store_19,5,30091.530000000002,a
store_19,6,23819.085,a
store_190,1,77802.08,a
store_190,2,100407.45,a
store_190,3,98384.735,a
store_190,4,80338.445,a
store_190,5,97810.465,a
store_190,6,77960.81,a
store_191,1,38487.380000000005,d
store_191,2,51732.69,d
store_191,3,50352.525,d
store_191,4,39292.275,d
store_191,5,51277.055,d
store_191,6,39865.625,d
store_192,1,27901.84,a
store_192,2,38040.64,a
store_192,3,36367.65,a
store_192,4,27128.645,a
store_192,5,33615.020000000004,a
store_192,6,26427.98,a
store_193,1,28323.46,d
store_193,2,39191.38,d
store_193,3,38113.885,d
store_193,4,31215.425,d
store_193,5,39345.89,d
store_193,6,32526.425,d
store_194,1,20754.37,a
store_194,2,28680.935,a
store_194,3,27423.045,a
store_194,4,21260.17,a
store_194,5,26209.17,a
store_194,6,21317.995,a
store_195,1,31210.585,a
store_195,2,44298.69,a
store_195,3,41310.590000000004,a
store_195,4,30609.34,a
store_195,5,38808.54,a
store_195,6,29858.195,a
store_196,1,18303.72,a
store_196,2,25290.165,a
store_196,3,25009.14,a
store_196,4,20123.14,a
store_196,5,25422.170000000002,a
store_196,6,20704.454999999998,a
store_197,1,27768.15,a
store_197,2,37058.395,a
store_197,3,35828.77,a
store_197,4,27812.115,a
store_197,5,34265.99,a
store_197,6,27387.395,a
store_198,1,50352.455,a
store_198,2,68693.44,a
store_198,3,68112.94,a
store_198,4,53642.505000000005,a
store_198,5,66445.2,a
store_198,6,52614.525,a
store_199,1,24902.485,d
store_199,2,33038.81,d
store_199,3,33190.885,d
store_199,4,25243.85,d
store_199,5,33248.215,d
store_199,6,25772.5,d
store_2,1,31799.695,a
store_2,2,43198.84,a
store_2,3,41687.61,a
store_2,4,31133.415,a
store_2,5,40008.19,a
store_2,6,30327.45,a
store_20,1,28994.004999999997,d
store_20,2,38558.62,d
store_20,3,37315.79,d
store_20,4,30280.895,d
store_20,5,38091.285,d
store_20,6,30319.489999999998,d
store_200,1,74873.065,b
store_200,2,102530.535,b
store_200,3,97577.905,b
store_200,4,79616.865,b
store_200,5,101515.125,b
store_200,6,71868.95,b
store_201,1,64954.275,a
store_201,2,87811.22,a
store_201,3,92376.73999999999,a
store_201,4,69576.43,a
store_201,5,88926.875,a
store_201,6,67461.23,a
store_202,1,27335.29,d
store_202,2,33936.205,d
store_202,3,34502.6,d
store_202,4,28546.715,d
store_202,5,34356.58,d
store_202,6,28629.475,d
store_203,1,32733.21,a
store_203,2,44145.095,a
store_203,3,43172.07,a
store_203,4,32693.4,a
store_203,5,42605.005000000005,a
store_203,6,33350.225,a
store_204,1,27979.65,a
store_204,2,39464.950000000004,a
store_204,3,38089.645000000004,a
store_204,4,32130.245,a
store_204,5,41258.29,a
store_204,6,35280.455,a
store_205,1,34611.534999999996,a
store_205,2,51188.825,a
store_205,3,48682.65,a
store_205,4,38868.825,a
store_205,5,49336.68,a
store_205,6,39837.135,a
store_206,1,27152.57,a
store_206,2,37801.885,a
store_206,3,35364.135,a
store_206,4,27941.975,a
store_206,5,35386.39,a
store_206,6,27037.850000000002,a
store_207,1,37665.79,d
store_207,2,54796.175,d
store_207,3,53520.17,d
store_207,4,39722.39,d
store_207,5,54399.43,d
store_207,6,40053.979999999996,d
store_208,1,46634.79,a
store_208,2,68706.255,a
store_208,3,65909.675,a
store_208,4,51771.24,a
store_208,5,64903.035,a
store_208,6,50836.825,a
store_209,1,36397.369999999995,a
store_209,2,48808.285,a
store_209,3,46043.784999999996,a
store_209,4,36372.21,a
store_209,5,46625.62,a
store_209,6,37434.82,a
store_21,1,37872.48,a
store_21,2,48225.955,a
store_21,3,47550.525,a
store_21,4,37133.619999999995,a
store_21,5,45227.229999999996,a
store_21,6,36205.805,a
store_210,1,28507.64,d
store_210,2,35675.99,d
store_210,3,35279.729999999996,d
store_210,4,29355.100000000002,d
store_210,5,35120.895000000004,d
store_210,6,29927.440000000002,d
store_211,1,34881.415,d
store_211,2,48166.725,d
store_211,3,46659.25,d
store_211,4,35394.735,d
store_211,5,45653.255,d
store_211,6,35494.635,d
store_212,1,28570.98,a
store_212,2,41362.445,a
store_212,3,40230.325,a
store_212,4,31359.105,a
store_212,5,40700.49,a
store_212,6,33048.76,a
store_213,1,35520.55,d
store_213,2,49578.784999999996,d
store_213,3,47897.305,d
store_213,4,38006.78,d
store_213,5,49531.63,d
store_213,6,39807.465,d
store_214,1,48016.535,b
store_214,2,53399.82,b
store_214,3,51984.84,b
store_214,4,49312.33,b
store_214,5,53578.815,b
store_214,6,41972.805,b
store_215,1,39906.345,d
store_215,2,55318.060000000005,d
store_215,3,54033.935,d
store_215,4,39981.345,d
store_215,5,52763.095,d
store_215,6,38652.905,d
store_216,1,46957.950000000004,a
store_216,2,62818.785,a
store_216,3,61432.415,a
store_216,4,50179.125,a
store_216,5,62284.715,a
store_216,6,51182.25,a
store_217,1,33380.315,d
store_217,2,43719.005000000005,d
store_217,3,43543.46,d
store_217,4,36214.175,d
store_217,5,44585.4,d
store_217,6,38926.285,d
store_218,1,45829.25,a
store_218,2,62425.135,a
store_218,3,59253.72,a
store_218,4,45760.96,a
store_218,5,55991.745,a
store_218,6,43671.3,a
store_219,1,32842.41,d
store_219,2,43633.49,d
store_219,3,43277.33,d
store_219,4,33773.46,d
store_219,5,44298.5,d
store_219,6,34312.995,d
store_22,1,50315.85,d
store_22,2,66466.095,d
store_22,3,63849.63,d
store_22,4,48853.5,d
store_22,5,61621.74,d
store_22,6,46398.855,d
store_220,1,46850.515,c
store_220,2,61875.96,c
store_220,3,61745.4,c
store_220,4,47784.17,c
store_220,5,59985.315,c
store_220,6,46425.090000000004,c
store_221,1,29351.34,a
store_221,2,42538.385,a
store_221,3,42265.155,a
store_221,4,35103.42,a
store_221,5,47589.3,a
store_221,6,40406.575,a
store_222,1,29670.855,d
store_222,2,46531.91,d
store_222,3,44124.005,d
store_222,4,34559.245,d
store_222,5,46397.91,d
store_222,6,37224.405,d
store_223,1,42143.075,d
store_223,2,67472.905,d
store_223,3,62263.765,d
store_223,4,47232.045,d
store_223,5,61692.115000000005,d
store_223,6,47263.85,d
store_224,1,32172.445,d
store_224,2,45368.145,d
store_224,3,43914.455,d
store_224,4,34396.175,d
store_224,5,45447.405,d
store_224,6,34835.71,d
store_225,1,38421.79,d
store_225,2,52001.725,d
store_225,3,50289.215,d
store_225,4,37847.05,d
store_225,5,49022.87,d
store_225,6,38830.7,d
store_226,1,31474.94,d
store_226,2,47277.365,d
store_226,3,45206.89,d
store_226,4,33879.04,d
store_226,5,45226.854999999996,d
store_226,6,34794.035,d
store_227,1,42049.46,d
store_227,2,57647.92,d
store_227,3,55982.490000000005,d
store_227,4,42193.675,d
store_227,5,56432.57,d
store_227,6,42271.805,d
store_228,1,23752.835,d
store_228,2,29950.025,d
store_228,3,30337.195,d
store_228,4,26248.655,d
store_228,5,30938.57,d
store_228,6,25897.309999999998,d
store_229,1,41092.705,a
store_229,2,58381.615,a
store_229,3,56969.99,a
store_229,4,45624.75,a
store_229,5,58967.450000000004,a
store_229,6,47952.83,a
store_23,1,30186.205,d
store_23,2,46167.22,d
store_23,3,43850.98,d
store_23,4,33886.63,d
store_23,5,45502.93,d
store_23,6,34797.14,d
store_230,1,35725.995,a
store_230,2,49051.625,a
store_230,3,46248.045,a
store_230,4,38027.67,a
store_230,5,47335.405,a
store_230,6,39837.205,a
store_231,1,20289.86,d
store_231,2,30974.065000000002,d
store_231,3,30056.02,d
store_231,4,23217.985,d
store_231,5,32125.06,d
store_231,6,24342.775,d
store_232,1,62499.04,a
store_232,2,77124.025,a
store_232,3,70251.58,a
store_232,4,53659.9,a
store_232,5,62116.630000000005,a
store_232,6,47850.9,a
store_233,1,87531.13,a
store_233,2,109773.66,a
store_233,3,107363.76,a
store_233,4,90833.45999999999,a
store_233,5,104408.77,a
store_233,6,88985.925,a
store_234,1,31964.345,d
store_234,2,41932.585,d
store_234,3,40568.854999999996,d
store_234,4,30500.995000000003,d
store_234,5,38454.28,d
store_234,6,28457.7,d
store_235,1,42666.95,c
store_235,2,61349.600000000006,c
store_235,3,61609.3,c
store_235,4,47413.315,c
store_235,5,62258.97,c
store_235,6,45601.8,c
store_236,1,47285.325,a
store_236,2,63076.735,a
store_236,3,59553.39,a
store_236,4,47569.14,a
store_236,5,56187.525,a
store_236,6,44260.275,a
store_237,1,57084.880000000005,a
store_237,2,73643.66,a
store_237,3,73594.775,a
store_237,4,58391.46,a
store_237,5,71592.09,a
store_237,6,55997.955,a
store_238,1,24266.935,a
store_238,2,33747.784999999996,a
store_238,3,32034.855,a
store_238,4,23677.145,a
store_238,5,29935.6,a
store_238,6,22490.42,a
store_239,1,33817.28,a
store_239,2,48784.16,a
store_239,3,46243.380000000005,a
store_239,4,35079.825,a
store_239,5,45654.405,a
store_239,6,34948.86,a
store_24,1,21315.575,a
store_24,2,32263.09,a
store_24,3,31438.145,a
store_24,4,23304.64,a
store_24,5,31352.465,a
store_24,6,23998.005,a
store_240,1,29098.715,d
store_240,2,41809.75,d
store_240,3,40673.4,d
store_240,4,31538.435,d
store_240,5,41336.369999999995,d
store_240,6,31786.24,d
store_241,1,43804.785,d
store_241,2,60839.175,d
store_241,3,58517.235,d
store_241,4,44925.145000000004,d
store_241,5,59293.96,d
store_241,6,45307.19,d
store_242,1,19565.905,a
store_242,2,25555.055,a
store_242,3,25000.165,a
store_242,4,20063.49,a
store_242,5,25254.265,a
store_242,6,20240.93,a
store_243,1,28387.37,a
store_243,2,40621.72,a
store_243,3,39452.55,a
store_243,4,30555.52,a
store_243,5,38883.72,a
store_243,6,30854.35,a
store_244,1,26313.645,c
store_244,2,39885.075,c
store_244,3,38166.575,c
store_244,4,29637.925000000003,c
store_244,5,38544.28,c
store_244,6,30320.715,c
store_245,1,37225.28,a
store_245,2,50012.03,a
store_245,3,48527.315,a
store_245,4,37110.494999999995,a
store_245,5,47172.69,a
store_245,6,35739.98,a
store_246,1,26388.9,a
store_246,2,36831.48,a
store_246,3,35386.56,a
store_246,4,27229.465,a
store_246,5,35526.81,a
store_246,6,28111.0,a
store_247,1,20434.864999999998,a
store_247,2,32685.27,a
store_247,3,31267.51,a
store_247,4,26023.425,a
store_247,5,32988.615,a
store_247,6,27044.67,a
store_248,1,39357.485,d
store_248,2,54647.025,d
store_248,3,52139.455,d
store_248,4,43840.035,d
store_248,5,55049.520000000004,d
store_248,6,45005.505000000005,d
store_249,1,24237.655,c
store_249,2,33543.244999999995,c
store_249,3,32474.99,c
store_249,4,26556.364999999998,c
store_249,5,33442.89,c
store_249,6,27213.85,c
store_25,1,20605.605,a
store_25,2,26147.865,a
store_25,3,25705.49,a
store_25,4,20872.605,a
store_25,5,24522.085,a
store_25,6,20199.69,a
store_250,1,31335.68,d
store_250,2,48253.63,d
store_250,3,44847.24,d
store_250,4,34901.675,d
store_250,5,47265.365,d
store_250,6,36954.405,d
store_251,1,28637.915,c
store_251,2,43341.255,c
store_251,3,41447.12,c
store_251,4,30179.614999999998,c
store_251,5,40934.33,c
store_251,6,30327.455,c
store_252,1,44829.545,d
store_252,2,64611.020000000004,d
store_252,3,61288.755000000005,d
store_252,4,47672.535,d
store_252,5,62686.555,d
store_252,6,49097.005,d
store_253,1,34258.380000000005,d
store_253,2,47529.1,d
store_253,3,45956.17,d
store_253,4,37622.45,d
store_253,5,47862.32,d
store_253,6,38944.979999999996,d
store_254,1,34518.119999999995,d
store_254,2,46960.56,d
store_254,3,46049.13,d
store_254,4,37196.585,d
store_254,5,48812.07,d
store_254,6,38137.875,d
store_255,1,57381.69,a
store_255,2,79664.155,a
store_255,3,79956.96,a
store_255,4,62452.31,a
store_255,5,78049.73999999999,a
store_255,6,60567.47,a
store_256,1,30724.96,a
store_256,2,40684.345,a
store_256,3,39488.49,a
store_256,4,30365.71,a
store_256,5,36547.245,a
store_256,6,29238.455,a
store_257,1,24635.915,a
store_257,2,35303.215,a
store_257,3,33507.875,a
store_257,4,25045.845,a
store_257,5,33134.295,a
store_257,6,24941.485,a
store_258,1,44963.815,c
store_258,2,58657.785,c
store_258,3,57624.6,c
store_258,4,46031.475,c
store_258,5,56046.99,c
store_258,6,43407.75,c
store_259,1,23019.65,a
store_259,2,29177.155,a
store_259,3,28304.26,a
store_259,4,22464.625,a
store_259,5,27290.355,a
store_259,6,22437.595,a
store_26,1,45982.96,a
store_26,2,60794.825,a
store_26,3,57834.335,a
store_26,4,44975.5,a
store_26,5,57262.0,a
store_26,6,43421.06,a
store_260,1,36840.17,d
store_260,2,49203.515,d
store_260,3,48014.665,d
store_260,4,37222.375,d
store_260,5,47580.3,d
store_260,6,36315.445,d
store_261,1,15714.95,d
store_261,2,22328.98,d
store_261,3,21399.935,d
store_261,4,17046.735,d
store_261,5,21120.68,d
store_261,6,17645.66,d
store_262,1,23403.35,a
store_262,2,32431.07,a
store_262,3,32229.43,a
store_262,4,24159.805,a
store_262,5,32471.905,a
store_262,6,24566.575,a
store_263,1,48307.31,d
store_263,2,64943.409999999996,d
store_263,3,63243.03,d
store_263,4,48857.125,d
store_263,5,61507.595,d
store_263,6,47529.455,d
store_264,1,59345.805,a
store_264,2,75943.11,a
store_264,3,74548.52,a
store_264,4,61627.065,a
store_264,5,73011.755,a
store_264,6,61349.965,a
store_265,1,34503.995,a
store_265,2,50230.93,a
store_265,3,48648.385,a
store_265,4,41525.81,a
store_265,5,51025.94,a
store_265,6,41943.475,a
store_266,1,15185.665,a
store_266,2,20099.255,a
store_266,3,20173.99,a
store_266,4,16171.375,a
store_266,5,20000.85,a
store_266,6,16045.975,a
store_267,1,27485.435,d
store_267,2,39758.935,d
store_267,3,38033.685,d
store_267,4,29089.67,d
store_267,5,38863.020000000004,d
store_267,6,29619.36,d
store_268,1,33975.215,d
store_268,2,46045.95,d
store_268,3,45463.545,d
store_268,4,34828.475,d
store_268,5,45561.285,d
store_268,6,35345.67,d
store_269,1,21950.8,c
store_269,2,31657.105,c
store_269,3,30879.45,c
store_269,4,24331.885000000002,c
store_269,5,31540.405,c
store_269,6,24769.465,c
store_27,1,28550.5,d
store_27,2,38636.15,d
store_27,3,36273.159999999996,d
store_27,4,26586.965,d
store_27,5,33640.005000000005,d
store_27,6,24666.5,d
store_270,1,47739.91,a
store_270,2,61876.3,a
store_270,3,63654.840000000004,a
store_270,4,51803.72,a
store_270,5,67153.26,a
store_270,6,55200.615,a
store_271,1,19982.575,a
store_271,2,28131.01,a
store_271,3,27673.155,a
store_271,4,20230.760000000002,a
store_271,5,25773.129999999997,a
store_271,6,19184.065000000002,a
store_272,1,29382.93,a
store_272,2,38380.979999999996,a
store_272,3,37518.595,a
store_272,4,30129.8,a
store_272,5,39519.475,a
store_272,6,31740.079999999998,a
store_273,1,38636.095,a
store_273,2,51259.21,a
store_273,3,49713.335,a
store_273,4,37622.4,a
store_273,5,46296.805,a
store_273,6,36641.285,a
store_274,1,51803.985,a
store_274,2,72213.085,a
store_274,3,66872.80500000001,a
store_274,4,54369.815,a
store_274,5,66755.27,a
store_274,6,52949.23,a
store_275,1,43662.75,c
store_275,2,60090.26,c
store_275,3,57355.715,c
store_275,4,46909.705,c
store_275,5,57704.75,c
store_275,6,46843.595,c
store_276,1,27289.835,a
store_276,2,36265.445,a
store_276,3,34493.655,a
store_276,4,27321.13,a
store_276,5,34661.57,a
store_276,6,27660.965,a
store_277,1,21720.71,a
store_277,2,33125.995,a
store_277,3,30784.525,a
store_277,4,23535.15,a
store_277,5,30359.875,a
store_277,6,23545.76,a
store_278,1,70654.375,a
store_278,2,85789.315,a
store_278,3,86151.455,a
store_278,4,76239.695,a
store_278,5,83078.95,a
store_278,6,66942.695,a
store_279,1,41345.46,d
store_279,2,52644.625,d
store_279,3,51320.265,d
store_279,4,40407.43,d
store_279,5,49640.985,d
store_279,6,40272.64,d
store_28,1,26783.199999999997,d
store_28,2,38112.965,d
store_28,3,36275.455,d
store_28,4,28955.73,d
store_28,5,36282.270000000004,d
store_28,6,28671.99,d
store_280,1,28978.920000000002,a
store_280,2,41242.99,a
store_280,3,39893.215000000004,a
store_280,4,30621.065,a
store_280,5,39459.45,a
store_280,6,30458.004999999997,a
store_281,1,38111.28,c
store_281,2,52120.09,c
store_281,3,50127.21,c
store_281,4,39432.755000000005,c
store_281,5,50601.425,c
store_281,6,41215.4,c
store_282,1,42851.354999999996,a
store_282,2,64034.835,a
store_282,3,62378.759999999995,a
store_282,4,46481.875,a
store_282,5,59205.935,a
store_282,6,45253.355,a
store_283,1,23685.04,d
store_283,2,34066.4,d
store_283,3,33421.445,d
store_283,4,26946.265,d
store_283,5,36947.285,d
store_283,6,29151.515,d
store_284,1,30990.64,a
store_284,2,43206.54,a
store_284,3,41544.925,a
store_284,4,32550.575,a
store_284,5,41152.47,a
store_284,6,32636.34,a
store_285,1,39948.52,d
store_285,2,57116.785,d
store_285,3,55258.085,d
store_285,4,43407.99,d
store_285,5,56708.23,d
store_285,6,44953.85,d
store_286,1,34791.24,a
store_286,2,46764.695,a
store_286,3,44870.51,a
store_286,4,33991.655,a
store_286,5,42232.375,a
store_286,6,32935.3,a
store_287,1,66379.69,a
store_287,2,85731.85,a
store_287,3,82537.905,a
store_287,4,65674.6,a
store_287,5,80055.19,a
store_287,6,64530.085,a
store_288,1,30110.89,c
store_288,2,40111.185,c
store_288,3,40137.425,c
store_288,4,32264.815000000002,c
store_288,5,39992.155,c
store_288,6,34997.8,c
store_289,1,57130.31,a
store_289,2,77937.195,a
store_289,3,71970.805,a
store_289,4,58521.255000000005,a
store_289,5,69960.225,a
store_289,6,56995.325,a
store_29,1,36012.92,a
store_29,2,48029.145000000004,a
store_29,3,48294.08,a
store_29,4,36657.41,a
store_29,5,46491.61,a
store_29,6,36495.08,a
store_290,1,27954.775,c
store_290,2,39581.09,c
store_290,3,39042.909999999996,c
store_290,4,30895.184999999998,c
store_290,5,41324.415,c
store_290,6,31892.48,c
store_291,1,15763.51,a
store_291,2,23465.454999999998,a
store_291,3,22894.14,a
store_291,4,17576.63,a
store_291,5,22841.32,a
store_291,6,17517.685,a
store_292,1,30233.28,a
store_292,2,42132.005,a
store_292,3,41533.32,a
store_292,4,31687.405,a
store_292,5,40805.485,a
store_292,6,31566.935,a
store_293,1,30071.68,c
store_293,2,41767.36,c
store_293,3,40416.565,c
store_293,4,32868.11,c
store_293,5,41531.895000000004,c
store_293,6,33642.295,c
store_294,1,38499.6,a
store_294,2,50632.83,a
store_294,3,50117.345,a
store_294,4,39524.225,a
store_294,5,49976.425,a
store_294,6,39881.354999999996,a
store_295,1,20788.325,a
store_295,2,28676.435,a
store_295,3,28153.32,a
store_295,4,21716.625,a
store_295,5,27444.98,a
store_295,6,21239.435,a
store_296,1,34810.655,d
store_296,2,45986.205,d
store_296,3,45560.91,d
store_296,4,34747.565,d
store_296,5,45649.275,d
store_296,6,34128.975,d
store_297,1,19826.91,a
store_297,2,27874.225,a
store_297,3,27586.3,a
store_297,4,22913.905,a
store_297,5,29096.114999999998,a
store_297,6,24686.27,a
store_298,1,34746.805,d
store_298,2,47610.77,d
store_298,3,46244.475,d
store_298,4,36072.31,d
store_298,5,46413.520000000004,d
store_298,6,36583.21,d
store_299,1,40428.275,d
store_299,2,55973.885,d
store_299,3,53684.755000000005,d
store_299,4,39282.61,d
store_299,5,51897.41499999999,d
store_299,6,38299.38,d
store_3,1,48112.67,a
store_3,2,65337.575,a
store_3,3,63526.585,a
store_3,4,50318.485,a
store_3,5,63797.975,a
store_3,6,49512.31,a
store_30,1,16353.54,a
store_30,2,22068.510000000002,a
store_30,3,21389.13,a
store_30,4,17402.875,a
store_30,5,20497.725,a
store_30,6,16929.575,a
store_300,1,26568.67,d
store_300,2,38072.505000000005,d
store_300,3,37450.33,d
store_300,4,30729.595,d
store_300,5,38908.305,d
store_300,6,31538.565000000002,d
store_301,1,41682.64,a
store_301,2,55012.15,a
store_301,3,53257.185,a
store_301,4,42410.02,a
store_301,5,50101.435,a
store_301,6,39202.44,a
store_302,1,28039.66,c
store_302,2,39279.81,c
store_302,3,38474.905,c
store_302,4,29989.025,c
store_302,5,40769.69,c
store_302,6,31856.345,c
store_303,1,49595.375,a
store_303,2,67671.125,a
store_303,3,64924.845,a
store_303,4,51873.595,a
store_303,5,62641.535,a
store_303,6,49165.525,a
store_304,1,34342.085,c
store_304,2,47041.45,c
store_304,3,46614.575,c
store_304,4,36893.52,c
store_304,5,47567.705,c
store_304,6,38398.965,c
store_305,1,23289.005,a
store_305,2,32639.825,a
store_305,3,31089.44,a
store_305,4,23641.260000000002,a
store_305,5,31249.96,a
store_305,6,23980.16,a
store_306,1,32685.175,a
store_306,2,44793.85,a
store_306,3,43591.020000000004,a
store_306,4,32338.28,a
store_306,5,39914.645,a
store_306,6,30079.445,a
store_307,1,39483.085,a
store_307,2,52596.119999999995,a
store_307,3,50689.75,a
store_307,4,39013.295,a
store_307,5,49620.54,a
store_307,6,40571.68,a
store_308,1,34747.33,a
store_308,2,48908.5,a
store_308,3,46051.29,a
store_308,4,36387.19,a
store_308,5,46425.565,a
store_308,6,37225.92,a
store_309,1,27727.699999999997,a
store_309,2,40623.61,a
store_309,3,39014.9,a
store_309,4,29319.274999999998,a
store_309,5,38017.635,a
store_309,6,29182.135,a
store_31,1,39179.505000000005,d
store_31,2,52783.04,d
store_31,3,51638.24,d
store_31,4,42589.13,d
store_31,5,55251.5,d
store_31,6,45346.935,d
store_310,1,37271.1,a
store_310,2,48255.56,a
store_310,3,45956.825,a
store_310,4,34199.35,a
store_310,5,41470.08,a
store_310,6,31377.2,a
store_311,1,29490.67,a
store_311,2,36288.705,a
store_311,3,35805.725,a
store_311,4,30346.655,a
store_311,5,34894.13,a
store_311,6,29087.505,a
store_312,1,42669.635,d
store_312,2,55789.085,d
store_312,3,53007.615000000005,d
store_312,4,40443.795,d
store_312,5,51500.409999999996,d
store_312,6,40190.89,d
store_313,1,26366.68,a
store_313,2,38571.495,a
store_313,3,37380.92,a
store_313,4,28181.75,a
store_313,5,36332.29,a
store_313,6,27277.235,a
store_314,1,31357.809999999998,a
store_314,2,48335.15,a
store_314,3,44944.105,a
store_314,4,35809.365,a
store_314,5,46739.565,a
store_314,6,37698.82,a
store_315,1,25584.145,c
store_315,2,35485.88,c
store_315,3,35431.91,c
store_315,4,27711.005,c
store_315,5,36182.854999999996,c
store_315,6,28770.19,c
store_316,1,23516.22,a
store_316,2,31138.295,a
store_316,3,31062.7,a
store_316,4,25754.07,a
store_316,5,33254.95,a
store_316,6,27565.285,a
store_317,1,26540.285,d
store_317,2,36490.87,d
store_317,3,35175.915,d
store_317,4,27986.420000000002,d
store_317,5,34828.625,d
store_317,6,28086.88,d
store_318,1,46799.325,a
store_318,2,60967.51,a
store_318,3,59778.245,a
store_318,4,49246.28,a
store_318,5,58937.43,a
store_318,6,45854.965,a
store_319,1,49871.035,d
store_319,2,63418.134999999995,d
store_319,3,62341.92,d
store_319,4,48208.66,d
store_319,5,60553.17,d
store_319,6,47228.64,d
store_32,1,22322.095,d
store_32,2,33652.685,d
store_32,3,32416.464999999997,d
store_32,4,25385.075,d
store_32,5,35651.105,d
store_32,6,26600.345,d
store_320,1,48659.06,a
store_320,2,66121.065,a
store_320,3,61772.63,a
store_320,4,48526.1,a
store_320,5,60824.09,a
store_320,6,46894.265,a
store_321,1,42308.085,d
store_321,2,59173.33,d
store_321,3,56446.46,d
store_321,4,43890.659999999996,d
store_321,5,56945.770000000004,d
store_321,6,44564.700000000004,d
store_322,1,55418.255,a
store_322,2,68184.445,a
store_322,3,67729.625,a
store_322,4,63429.384999999995,a
store_322,5,73007.74,a
store_322,6,58917.81,a
store_323,1,27547.88,a
store_323,2,35536.84,a
store_323,3,36517.99,a
store_323,4,29247.02,a
store_323,5,37297.895,a
store_323,6,30831.64,a
store_324,1,51835.29,a
store_324,2,64005.965,a
store_324,3,63098.98,a
store_324,4,51511.369999999995,a
store_324,5,59698.755000000005,a
store_324,6,48078.295,a
store_325,1,53708.84,a
store_325,2,72861.235,a
store_325,3,69361.54,a
store_325,4,55496.635,a
store_325,5,69098.825,a
store_325,6,54440.565,a
store_326,1,39160.405,a
store_326,2,51810.3,a
store_326,3,49357.69,a
store_326,4,37065.6,a
store_326,5,46248.825,a
store_326,6,34993.47,a
store_327,1,37175.275,a
store_327,2,50312.675,a
store_327,3,47613.9,a
store_327,4,35573.81,a
store_327,5,44243.32,a
store_327,6,33482.39,a
store_328,1,28130.79,a
store_328,2,39897.385,a
store_328,3,37863.815,a
store_328,4,28055.1,a
store_328,5,36906.770000000004,a
store_328,6,27927.2,a
store_329,1,21191.614999999998,a
store_329,2,30302.29,a
store_329,3,29559.09,a
store_329,4,23099.205,a
store_329,5,29991.915,a
store_329,6,23434.405000000002,a
store_33,1,28024.395,a
store_33,2,39154.945,a
store_33,3,38032.125,a
store_33,4,30069.055,a
store_33,5,38958.22,a
store_33,6,32579.7,a
store_330,1,32295.31,a
store_330,2,50020.055,a
store_330,3,45602.875,a
store_330,4,34738.61,a
store_330,5,45647.494999999995,a
store_330,6,34907.275,a
store_331,1,11629.92,c
store_331,2,20929.91,c
store_331,3,19948.239999999998,c
store_331,4,12663.755000000001,c
store_331,5,20611.28,c
store_331,6,11879.015,c
store_332,1,48330.385,a
store_332,2,65102.25,a
store_332,3,58395.020000000004,a
store_332,4,45052.895,a
store_332,5,54145.71,a
store_332,6,42850.49,a
store_333,1,25338.165,d
store_333,2,35608.71,d
store_333,3,34485.625,d
store_333,4,27389.75,d
store_333,5,36317.51,d
store_333,6,28972.9,d
store_334,1,24429.56,a
store_334,2,31384.885,a
store_334,3,31170.575,a
store_334,4,24756.15,a
store_334,5,31190.745,a
store_334,6,24878.47,a
store_335,1,22662.15,d
store_335,2,31319.95,d
store_335,3,29930.32,d
store_335,4,23851.059999999998,d
store_335,5,30981.285,d
store_335,6,23271.825,d
store_336,1,35278.625,a
store_336,2,50837.94,a
store_336,3,48534.17,a
store_336,4,39849.565,a
store_336,5,50459.545,a
store_336,6,40702.5,a
store_337,1,33527.835,a
store_337,2,50202.805,a
store_337,3,46716.555,a
store_337,4,34549.195,a
store_337,5,45853.395,a
store_337,6,35140.325,a
store_338,1,37161.13,c
store_338,2,47593.715,c
store_338,3,47532.145,c
store_338,4,38153.565,c
store_338,5,48944.06,c
store_338,6,40526.665,c
store_339,1,29751.94,c
store_339,2,42493.729999999996,c
store_339,3,41112.365,c
store_339,4,32708.785,c
store_339,5,43767.645,c
store_339,6,36347.435,c
store_34,1,42497.405,d
store_34,2,56772.855,d
store_34,3,55082.51,d
store_34,4,44825.36,d
store_34,5,56854.335,d
store_34,6,45590.87,d
store_340,1,19882.125,a
store_340,2,27978.35,a
store_340,3,28338.595,a
store_340,4,22081.185,a
store_340,5,29984.02,a
store_340,6,23056.685,a
store_341,1,17232.045,a
store_341,2,23228.725,a
store_341,3,24196.15,a
store_341,4,19281.015,a
store_341,5,24668.445,a
store_341,6,19922.235,a
store_342,1,31418.305,d
store_342,2,40994.935,d
store_342,3,37545.715,d
store_342,4,28755.725,d
store_342,5,35128.29,d
store_342,6,27240.75,d
store_343,1,113694.025,b
store_343,2,131831.685,b
store_343,3,126726.65000000001,b
store_343,4,117121.65,b
store_343,5,127867.485,b
store_343,6,98988.68,b
store_344,1,20258.885,a
store_344,2,25563.375,a
store_344,3,24446.045,a
store_344,4,19450.685,a
store_344,5,23264.57,a
store_344,6,18659.77,a
store_345,1,30982.255,d
store_345,2,41935.49,d
store_345,3,41116.97,d
store_345,4,32648.525,d
store_345,5,41292.075,d
store_345,6,34440.22,d
store_346,1,29767.23,a
store_346,2,41586.885,a
store_346,3,39303.26,a
store_346,4,29924.12,a
store_346,5,37598.095,a
store_346,6,28168.77,a
store_347,1,27571.69,a
store_347,2,40938.575,a
store_347,3,39361.505,a
store_347,4,30171.815,a
store_347,5,39562.090000000004,a
store_347,6,31422.89,a
store_348,1,22576.815,c
store_348,2,31297.465,c
store_348,3,30087.920000000002,c
store_348,4,23061.855,c
store_348,5,28780.715,c
store_348,6,22615.305,c
store_349,1,27210.37,d
store_349,2,36007.41,d
store_349,3,34452.94,d
store_349,4,27929.15,d
store_349,5,36606.87,d
store_349,6,30354.525,d
store_35,1,27524.71,a
store_35,2,39999.38,a
store_35,3,38467.745,a
store_35,4,31566.52,a
store_35,5,41979.09,a
store_35,6,35407.825,a
store_350,1,19117.8,a
store_350,2,27470.29,a
store_350,3,27693.435,a
store_350,4,21264.685,a
store_350,5,28416.84,a
store_350,6,21404.25,a
store_351,1,32918.335,d
store_351,2,43573.295,d
store_351,3,42573.49,d
store_351,4,32605.745,d
store_351,5,41530.915,d
store_351,6,32060.925,d
store_352,1,44274.07,d
store_352,2,61661.49,d
store_352,3,58068.72,d
store_352,4,44843.725,d
store_352,5,58494.435,d
store_352,6,43887.52,d
store_353,1,24152.635,a
store_353,2,34692.175,a
store_353,3,34683.75,a
store_353,4,28258.15,a
store_353,5,36170.36,a
store_353,6,29509.675,a
store_354,1,65195.15,d
store_354,2,87369.705,d
store_354,3,81870.33499999999,d
store_354,4,71645.79,d
store_354,5,81468.525,d
store_354,6,66309.66,d
store_355,1,36102.48,c
store_355,2,52284.31,c
store_355,3,52019.1,c
store_355,4,39932.715000000004,c
store_355,5,51232.265,c
store_355,6,41517.0,c
store_356,1,50935.895,a
store_356,2,63237.145000000004,a
store_356,3,63397.08,a
store_356,4,52045.255,a
store_356,5,62518.06,a
store_356,6,51212.12,a
store_357,1,23216.855,a
store_357,2,35616.985,a
store_357,3,33477.645,a
store_357,4,24497.385,a
store_357,5,32262.395,a
store_357,6,23498.87,a
store_358,1,28600.645,a
store_358,2,39664.590000000004,a
store_358,3,38443.21,a
store_358,4,28734.5,a
store_358,5,37268.33,a
store_358,6,27949.684999999998,a
store_359,1,24350.045,d
store_359,2,34360.515,d
store_359,3,34134.675,d
store_359,4,25620.59,d
store_359,5,34203.425,d
store_359,6,25622.29,d
store_36,1,31601.825,a
store_36,2,42314.645,a
store_36,3,40956.665,a
store_36,4,30882.035,a
store_36,5,38440.265,a
store_36,6,30024.7,a
store_360,1,25366.215,d
store_360,2,37617.115,d
store_360,3,35079.020000000004,d
store_360,4,27264.89,d
store_360,5,34310.655,d
store_360,6,26840.785,d
store_361,1,80356.07,a
store_361,2,103242.24,a
store_361,3,105343.79000000001,a
store_361,4,87763.23999999999,a
store_361,5,106717.595,a
store_361,6,88958.305,a
store_362,1,34012.37,d
store_362,2,46419.28,d
store_362,3,44945.66,d
store_362,4,34732.885,d
store_362,5,46744.17,d
store_362,6,36418.135,d
store_363,1,25099.135,a
store_363,2,37034.73,a
store_363,3,36462.46,a
store_363,4,28585.42,a
store_363,5,38319.56,a
store_363,6,30772.125,a
store_364,1,26644.495,d
store_364,2,34464.56,d
store_364,3,34767.65,d
store_364,4,28079.385,d
store_364,5,36678.534999999996,d
store_364,6,29364.08,d
store_365,1,28162.47,a
store_365,2,37040.22,a
store_365,3,36683.39,a
store_365,4,28876.91,a
store_365,5,36246.64,a
store_365,6,29103.125,a
store_366,1,21067.575,a
store_366,2,27445.795,a
store_366,3,25930.01,a
store_366,4,20462.62,a
store_366,5,24965.98,a
store_366,6,20378.68,a
store_367,1,51523.395,a
store_367,2,66037.11499999999,a
store_367,3,67003.315,a
store_367,4,55004.255,a
store_367,5,65086.255000000005,a
store_367,6,54214.255000000005,a
store_368,1,26422.245,a
store_368,2,35640.075,a
store_368,3,35504.854999999996,a
store_368,4,28968.350000000002,a
store_368,5,36291.61,a
store_368,6,27921.565000000002,a
store_369,1,38036.275,d
store_369,2,53935.22,d
store_369,3,52326.575,d
store_369,4,40686.245,d
store_369,5,53951.705,d
store_369,6,43800.335,d
store_37,1,34731.73,c
store_37,2,49506.655,c
store_37,3,46477.245,c
store_37,4,35674.47,c
store_37,5,46422.9,c
store_37,6,35759.59,c
store_370,1,23889.82,d
store_370,2,32656.004999999997,d
store_370,3,32025.83,d
store_370,4,24561.345,d
store_370,5,31449.54,d
store_370,6,24466.934999999998,d
store_371,1,30910.94,a
store_371,2,42318.0,a
store_371,3,41461.665,a
store_371,4,30682.760000000002,a
store_371,5,40514.67,a
store_371,6,30413.39,a
store_372,1,38013.425,a
store_372,2,52685.79,a
store_372,3,51009.835,a
store_372,4,41399.87,a
store_372,5,52869.385,a
store_372,6,42698.685,a
store_373,1,35559.69,d
store_373,2,50071.635,d
store_373,3,48492.59,d
store_373,4,37184.1,d
store_373,5,47784.075,d
store_373,6,36857.985,d
store_374,1,19194.195,a
store_374,2,27429.09,a
store_374,3,26829.615,a
store_374,4,21165.105,a
store_374,5,27321.670000000002,a
store_374,6,21223.705,a
store_375,1,45270.53,d
store_375,2,62111.135,d
store_375,3,61750.3,d
store_375,4,47069.53,d
store_375,5,59938.095,d
store_375,6,46097.94,d
store_376,1,38114.35,a
store_376,2,51909.0,a
store_376,3,49386.91,a
store_376,4,37759.04,a
store_376,5,47221.5,a
store_376,6,35780.655,a
store_377,1,40297.615,d
store_377,2,54973.3,d
store_377,3,52689.665,d
store_377,4,43710.41,d
store_377,5,54130.25,d
store_377,6,44379.7,d
store_378,1,28169.605,a
store_378,2,40101.395000000004,a
store_378,3,37472.83,a
store_378,4,28719.94,a
store_378,5,36149.725,a
store_378,6,27953.64,a
store_379,1,22456.695,a
store_379,2,30009.9,a
store_379,3,28972.59,a
store_379,4,23488.32,a
store_379,5,29885.63,a
store_379,6,23522.26,a
store_38,1,52835.525,d
store_38,2,74865.21,d
store_38,3,69638.435,d
store_38,4,54234.49,d
store_38,5,70190.20999999999,d
store_38,6,54384.215,d
store_380,1,30275.565,a
store_380,2,41452.03,a
store_380,3,39218.38,a
store_380,4,30182.755,a
store_380,5,37397.56,a
store_380,6,28759.805,a
store_381,1,33180.405,a
store_381,2,43539.735,a
store_381,3,43045.32,a
store_381,4,32790.185,a
store_381,5,42522.79,a
store_381,6,32474.449999999997,a
store_382,1,29500.09,a
store_382,2,39678.89,a
store_382,3,38707.409999999996,a
store_382,4,28814.385,a
store_382,5,36849.015,a
store_382,6,28373.765,a
store_383,1,35075.37,c
store_383,2,49235.745,c
store_383,3,48057.09,c
store_383,4,38792.275,c
store_383,5,50744.0,c
store_383,6,40747.625,c
store_384,1,29259.445,a
store_384,2,42684.98,a
store_384,3,39927.045,a
store_384,4,30276.905,a
store_384,5,39538.86,a
store_384,6,30550.475000000002,a
store_385,1,29606.315,d
store_385,2,45252.19,d
store_385,3,42316.85,d
store_385,4,32362.515,d
store_385,5,44358.015,d
store_385,6,33928.97,d
store_386,1,39406.159999999996,a
store_386,2,53537.93,a
store_386,3,52499.42,a
store_386,4,41375.735,a
store_386,5,53397.19,a
store_386,6,41799.175,a
store_387,1,20488.715,a
store_387,2,27038.455,a
store_387,3,25985.690000000002,a
store_387,4,21663.23,a
store_387,5,25650.969999999998,a
store_387,6,20640.095,a
store_388,1,54450.405,d
store_388,2,74719.47,d
store_388,3,69775.4,d
store_388,4,55150.88,d
store_388,5,68497.44,d
store_388,6,53407.5,d
store_389,1,21777.77,a
store_389,2,29949.38,a
store_389,3,27429.855,a
store_389,4,21669.9,a
store_389,5,25092.055,a
store_389,6,19305.905,a
store_39,1,32816.525,d
store_39,2,45054.985,d
store_39,3,44739.51,d
store_39,4,34380.2,d
store_39,5,44619.175,d
store_39,6,35157.284999999996,d
store_390,1,15954.025,c
store_390,2,20841.43,c
store_390,3,20871.61,c
store_390,4,17628.945,c
store_390,5,21998.775,c
store_390,6,17561.57,c
store_391,1,36460.225,a
store_391,2,50050.05,a
store_391,3,49146.905,a
store_391,4,36561.87333333334,a
store_391,5,46167.125,a
store_391,6,35275.875,a
store_392,1,48194.71000000001,a
store_392,2,66209.91,a
store_392,3,65884.885,a
store_392,4,49851.78,a
store_392,5,62217.595,a
store_392,6,47574.6,a
store_393,1,29435.765,a
store_393,2,44433.185,a
store_393,3,42809.325,a
store_393,4,33413.69,a
store_393,5,44577.125,a
store_393,6,35816.805,a
store_394,1,33787.905,a
store_394,2,44126.04,a
store_394,3,43246.17,a
store_394,4,33661.0,a
store_394,5,41816.25,a
store_394,6,32648.815,a
store_395,1,27763.79,d
store_395,2,37009.165,d
store_395,3,35621.04,d
store_395,4,27780.71,d
store_395,5,34422.56,d
store_395,6,26432.11,d
store_396,1,39891.5,d
store_396,2,58818.795,d
store_396,3,55678.735,d
store_396,4,41336.17,d
store_396,5,55375.135,d
store_396,6,42109.415,d
store_397,1,16918.31,d
store_397,2,23454.215,d
store_397,3,22844.98,d
store_397,4,17577.28,d
store_397,5,23371.75,d
store_397,6,17923.92,d
store_398,1,24696.365,c
store_398,2,34685.945,c
store_398,3,33253.28,c
store_398,4,25134.35,c
store_398,5,32255.7,c
store_398,6,25654.425,c
store_399,1,28157.33,d
store_399,2,42341.575,d
store_399,3,40775.315,d
store_399,4,30042.62,d
store_399,5,40452.34,d
store_399,6,29812.63,d
store_4,1,33121.135,a
store_4,2,49487.63,a
store_4,3,47138.98,a
store_4,4,36394.155,a
store_4,5,48000.215,a
store_4,6,36668.17,a
store_40,1,38057.54,a
store_40,2,55025.56,a
store_40,3,52862.775,a
store_40,4,39386.935,a
store_40,5,52151.74,a
store_40,6,39190.975,a
store_400,1,26314.315,d
store_400,2,38434.065,d
store_400,3,36535.615,d
store_400,4,26726.965,d
store_400,5,36262.15,d
store_400,6,27058.48,d
store_401,1,36469.020000000004,d
store_401,2,49295.65,d
store_401,3,47579.485,d
store_401,4,36470.455,d
store_401,5,47342.325,d
store_401,6,35737.605,d
store_402,1,35269.145000000004,d
store_402,2,52827.045,d
store_402,3,49991.965,d
store_402,4,36987.43166666667,d
store_402,5,48079.05,d
store_402,6,35943.175,d
store_403,1,36361.31,a
store_403,2,50832.4,a
store_403,3,50446.805,a
store_403,4,43639.325,a
store_403,5,58504.905,a
store_403,6,48496.57,a
store_404,1,38372.68,a
store_404,2,57072.17,a
store_404,3,56449.665,a
store_404,4,41694.715,a
store_404,5,55329.42,a
store_404,6,41895.630000000005,a
store_405,1,33515.229999999996,c
store_405,2,51458.245,c
store_405,3,47656.65,c
store_405,4,37124.705,c
store_405,5,49407.735,c
store_405,6,37837.84,c
store_406,1,41937.325,d
store_406,2,59028.415,d
store_406,3,57837.659999999996,d
store_406,4,42402.325,d
store_406,5,55607.72,d
store_406,6,42335.4,d
store_407,1,40608.615,d
store_407,2,54656.35,d
store_407,3,53260.315,d
store_407,4,43425.205,d
store_407,5,53927.015,d
store_407,6,43842.02,d
store_408,1,38125.365,a
store_408,2,51233.955,a
store_408,3,49185.560000000005,a
store_408,4,37562.835,a
store_408,5,46740.55,a
store_408,6,36821.86,a
store_409,1,18070.435,a
store_409,2,25242.815,a
store_409,3,25520.895,a
store_409,4,20795.255,a
store_409,5,26153.925000000003,a
store_409,6,21042.455,a
store_41,1,42503.494999999995,a
store_41,2,56531.695,a
store_41,3,58339.88,a
store_41,4,46105.085,a
store_41,5,57485.14,a
store_41,6,45461.015,a
store_410,1,66879.95999999999,b
store_410,2,77153.405,b
store_410,3,75783.34,b
store_410,4,74740.015,b
store_410,5,81224.14,b
store_410,6,67353.545,b
store_411,1,36215.28,c
store_411,2,48998.05,c
store_411,3,48750.130000000005,c
store_411,4,36810.04,c
store_411,5,48795.175,c
store_411,6,36875.34,c
store_412,1,25806.045,c
store_412,2,33757.19,c
store_412,3,33574.54,c
store_412,4,26134.13,c
store_412,5,34134.735,c
store_412,6,26034.53,c
store_413,1,20974.59,a
store_413,2,28600.705,a
store_413,3,29239.855,a
store_413,4,23639.704999999998,a
store_413,5,31082.215,a
store_413,6,25536.51,a
store_414,1,21734.985,a
store_414,2,29809.765,a
store_414,3,27809.11,a
store_414,4,21102.735,a
store_414,5,25777.075,a
store_414,6,19137.855,a
store_415,1,42468.18,d
store_415,2,57274.675,d
store_415,3,55643.034999999996,d
store_415,4,40617.07,d
store_415,5,54175.375,d
store_415,6,39472.229999999996,d
store_416,1,33246.015,d
store_416,2,47139.975,d
store_416,3,46720.07,d
store_416,4,35052.683,d
store_416,5,46675.525,d
store_416,6,34302.71,d
store_417,1,25943.065,a
store_417,2,36649.405,a
store_417,3,35599.04,a
store_417,4,27183.6,a
store_417,5,36868.915,a
store_417,6,28154.675,a
store_418,1,36051.3,d
store_418,2,51051.549999999996,d
store_418,3,48031.59,d
store_418,4,36909.475,d
store_418,5,46383.955,d
store_418,6,36718.16,d
store_419,1,30344.47,a
store_419,2,40932.815,a
store_419,3,38736.015,a
store_419,4,28468.355,a
store_419,5,36381.155,a
store_419,6,26635.45,a
store_42,1,47087.375,c
store_42,2,60757.58,c
store_42,3,60970.365,c
store_42,4,48623.055,c
store_42,5,59489.435,c
store_42,6,47824.91,c
store_420,1,26348.185,d
store_420,2,43248.065,d
store_420,3,42258.095,d
store_420,4,28706.84,d
store_420,5,40994.39,d
store_420,6,28036.04,d
store_421,1,23756.63,a
store_421,2,36619.035,a
store_421,3,35310.985,a
store_421,4,25897.475000000002,a
store_421,5,35711.76,a
store_421,6,25313.04,a
store_422,1,44389.825,a
store_422,2,60406.534999999996,a
store_422,3,58586.415,a
store_422,4,47733.96,a
store_422,5,57663.34,a
store_422,6,46161.55,a
store_423,1,50133.0,d
store_423,2,67040.78,d
store_423,3,65457.13,d
store_423,4,50008.405,d
store_423,5,64582.565,d
store_423,6,49953.520000000004,d
store_424,1,36003.685,a
store_424,2,47028.595,a
store_424,3,47065.72,a
store_424,4,35410.34,a
store_424,5,45365.604999999996,a
store_424,6,33801.635,a
store_425,1,23969.57,a
store_425,2,33791.185,a
store_425,3,31656.1,a
store_425,4,24566.315,a
store_425,5,31388.274999999998,a
store_425,6,24317.025,a
store_426,1,15485.67,a
store_426,2,21659.08,a
store_426,3,21500.47,a
store_426,4,17138.84,a
store_426,5,21806.6,a
store_426,6,16360.48,a
store_427,1,37584.35,a
store_427,2,53086.915,a
store_427,3,50262.75,a
store_427,4,37484.925,a
store_427,5,47304.925,a
store_427,6,37153.805,a
store_428,1,39970.845,a
store_428,2,51960.34,a
store_428,3,50012.705,a
store_428,4,37803.840000000004,a
store_428,5,46225.255,a
store_428,6,35241.075,a
store_429,1,42985.935,a
store_429,2,58483.955,a
store_429,3,57709.54,a
store_429,4,44293.29,a
store_429,5,53899.125,a
store_429,6,42745.185,a
store_43,1,31636.18,c
store_43,2,45642.565,c
store_43,3,44161.61,c
store_43,4,33418.455,c
store_43,5,44715.415,c
store_43,6,35061.065,c
store_430,1,27229.695,d
store_430,2,34288.725,d
store_430,3,34338.81,d
store_430,4,27987.46,d
store_430,5,34246.65,d
store_430,6,28425.335,d
store_431,1,24491.329999999998,d
store_431,2,40313.62,d
store_431,3,38710.725,d
store_431,4,29412.925,d
store_431,5,40896.585,d
store_431,6,30821.81,d
store_432,1,35581.385,a
store_432,2,48072.795,a
store_432,3,47394.96,a
store_432,4,35940.604999999996,a
store_432,5,47292.020000000004,a
store_432,6,35480.19,a
store_433,1,34390.675,a
store_433,2,49604.31,a
store_433,3,47846.225,a
store_433,4,36657.729999999996,a
store_433,5,48044.595,a
store_433,6,36832.335,a
store_434,1,39062.354999999996,a
store_434,2,48799.955,a
store_434,3,49019.325,a
store_434,4,39244.985,a
store_434,5,47258.945,a
store_434,6,37542.75,a
store_435,1,37338.57,a
store_435,2,50195.355,a
store_435,3,48500.835,a
store_435,4,38092.16,a
store_435,5,47641.545,a
store_435,6,37571.555,a
store_436,1,42459.065,d
store_436,2,58762.77,d
store_436,3,56122.130000000005,d
store_436,4,45665.72,d
store_436,5,59136.490000000005,d
store_436,6,48029.265,d
store_437,1,32887.79,d
store_437,2,43000.945,d
store_437,3,41880.435,d
store_437,4,32111.545,d
store_437,5,40613.275,d
store_437,6,33338.705,d
store_438,1,31397.315000000002,d
store_438,2,44512.175,d
store_438,3,42882.16,d
store_438,4,34578.284999999996,d
store_438,5,44477.89,d
store_438,6,36412.805,d
store_439,1,23098.52,a
store_439,2,32151.760000000002,a
store_439,3,31067.225,a
store_439,4,23530.06,a
store_439,5,30863.105,a
store_439,6,23751.59,a
store_44,1,40362.85,a
store_44,2,54777.67,a
store_44,3,54000.83,a
store_44,4,39341.895000000004,a
store_44,5,52679.515,a
store_44,6,38107.655,a
store_440,1,27036.36,d
store_440,2,36192.265,d
store_440,3,36031.535,d
store_440,4,29832.135000000002,d
store_440,5,37258.825000000004,d
store_440,6,30777.184999999998,d
store_441,1,49441.93,c
store_441,2,66540.85,c
store_441,3,62236.855,c
store_441,4,48985.445,c
store_441,5,59546.21,c
store_441,6,46394.445,c
store_442,1,43517.145000000004,a
store_442,2,58086.524999999994,a
store_442,3,56762.36,a
store_442,4,44106.235,a
store_442,5,55230.17,a
store_442,6,42647.065,a
store_443,1,58584.705,a
store_443,2,73337.12,a
store_443,3,72609.415,a
store_443,4,63708.075,a
store_443,5,74044.485,a
store_443,6,60295.19,a
store_444,1,97867.845,b
store_444,2,107145.655,b
store_444,3,106624.64,b
store_444,4,99095.54,b
store_444,5,106940.83,b
store_444,6,84711.855,b
store_445,1,22432.95,a
store_445,2,31958.205,a
store_445,3,29804.26,a
store_445,4,21706.11,a
store_445,5,27023.45,a
store_445,6,19909.705,a
store_446,1,28759.52,a
store_446,2,41813.88,a
store_446,3,40817.175,a
store_446,4,30410.03,a
store_446,5,39533.49,a
store_446,6,30260.365,a
store_447,1,42256.845,d
store_447,2,56289.93,d
store_447,3,54121.075,d
store_447,4,41997.315,d
store_447,5,54935.37,d
store_447,6,41982.19,d
store_448,1,39874.68,d
store_448,2,53270.53,d
store_448,3,52052.28,d
store_448,4,41740.435,d
store_448,5,52695.015,d
store_448,6,40857.38,d
store_449,1,41869.56,d
store_449,2,59601.44,d
store_449,3,56677.67,d
store_449,4,44592.025,d
store_449,5,56403.445,d
store_449,6,45174.56,d
store_45,1,23414.045,a
store_45,2,31318.205,a
store_45,3,30866.885,a
store_45,4,23699.1,a
store_45,5,30263.55,a
store_45,6,23360.25,a
store_450,1,39809.06,d
store_450,2,56246.38,d
store_450,3,53761.105,d
store_450,4,41339.595,d
store_450,5,53398.95,d
store_450,6,39931.38,d
store_451,1,35356.97,d
store_451,2,49660.865,d
store_451,3,48504.93,d
store_451,4,38833.795,d
store_451,5,51160.87,d
store_451,6,40432.435,d
store_452,1,26001.895,d
store_452,2,37572.795,d
store_452,3,36310.625,d
store_452,4,26628.93,d
store_452,5,36506.68,d
store_452,6,26404.125,d
store_453,1,22576.535,a
store_453,2,30696.605,a
store_453,3,30079.670000000002,a
store_453,4,22317.870000000003,a
store_453,5,28809.985,a
store_453,6,21079.855,a
store_454,1,19915.86,a
store_454,2,26454.705,a
store_454,3,24970.98,a
store_454,4,20193.59,a
store_454,5,24672.505,a
store_454,6,19975.175,a
store_455,1,21494.66,a
store_455,2,32954.125,a
store_455,3,30947.135000000002,a
store_455,4,23186.88,a
store_455,5,30115.085,a
store_455,6,22708.575,a
store_456,1,37968.145,d
store_456,2,52288.665,d
store_456,3,51490.16,d
store_456,4,37659.685,d
store_456,5,49805.005000000005,d
store_456,6,37122.435,d
store_457,1,84803.685,a
store_457,2,109928.625,a
store_457,3,105166.33,a
store_457,4,89155.785,a
store_457,5,105870.125,a
store_457,6,85039.735,a
store_458,1,35897.909999999996,a
store_458,2,48588.494999999995,a
store_458,3,47120.04,a
store_458,4,39057.355,a
store_458,5,49408.33,a
store_458,6,41011.71,a
store_459,1,26227.375,a
store_459,2,35036.11,a
store_459,3,35331.25,a
store_459,4,28567.91,a
store_459,5,36394.185,a
store_459,6,28515.525,a
store_46,1,27816.985,a
store_46,2,39592.74,a
store_46,3,37620.299999999996,a
store_46,4,28200.68,a
store_46,5,37301.79,a
store_46,6,28044.005,a
store_460,1,31143.3,a
store_460,2,43789.28,a
store_460,3,41898.46,a
store_460,4,30792.62,a
store_460,5,37775.909999999996,a
store_460,6,28592.440000000002,a
store_461,1,22381.83,d
store_461,2,31701.01,d
store_461,3,31668.454999999998,d
store_461,4,26229.739999999998,d
store_461,5,34906.17,d
store_461,6,28111.555,d
store_462,1,31361.325,d
store_462,2,43315.07,d
store_462,3,42967.78,d
store_462,4,34946.935,d
store_462,5,43928.915,d
store_462,6,37870.955,d
store_463,1,20675.695,a
store_463,2,27749.835,a
store_463,3,27237.05,a
store_463,4,22646.555,a
store_463,5,28057.715,a
store_463,6,23327.235,a
store_464,1,42811.36,a
store_464,2,58594.08,a
store_464,3,55780.19,a
store_464,4,44507.515,a
store_464,5,56988.045,a
store_464,6,45275.445,a
store_465,1,30027.66,a
store_465,2,43742.4,a
store_465,3,42990.520000000004,a
store_465,4,32724.3,a
store_465,5,43461.315,a
store_465,6,33570.82,a
store_466,1,62161.060000000005,a
store_466,2,90951.51,a
store_466,3,82991.535,a
store_466,4,65665.67,a
store_466,5,82714.08,a
store_466,6,62845.755,a
store_467,1,81462.355,b
store_467,2,92658.495,b
store_467,3,86176.85,b
store_467,4,83134.63,b
store_467,5,86549.52,b
store_467,6,71520.795,b
store_468,1,20413.35,a
store_468,2,27753.945,a
store_468,3,25635.18,a
store_468,4,20348.27,a
store_468,5,23491.91,a
store_468,6,18689.735,a
store_469,1,22472.5,d
store_469,2,32583.24,d
store_469,3,33934.83,d
store_469,4,27243.1,d
store_469,5,38567.17,d
store_469,6,30246.335,d
store_47,1,34260.67,d
store_47,2,47887.33,d
store_47,3,47058.08,d
store_47,4,37849.020000000004,d
store_47,5,50321.31,d
store_47,6,40273.61,d
store_470,1,26776.07,a
store_470,2,34253.975,a
store_470,3,33658.91,a
store_470,4,27111.035,a
store_470,5,34924.3,a
store_470,6,26061.09,a
store_471,1,27544.1,a
store_471,2,36921.26,a
store_471,3,34861.255,a
store_471,4,27695.285,a
store_471,5,34444.54,a
store_471,6,28389.755,a
store_472,1,22929.7,c
store_472,2,35145.69,c
store_472,3,33614.925,c
store_472,4,24778.05,c
store_472,5,34553.075,c
store_472,6,25760.13,c
store_473,1,24021.03,d
store_473,2,31826.79,d
store_473,3,31410.345,d
store_473,4,25642.015,d
store_473,5,32551.86,d
store_473,6,26742.77,d
store_474,1,26979.085,c
store_474,2,36661.9,c
store_474,3,37015.465000000004,c
store_474,4,29101.905,c
store_474,5,38006.76,c
store_474,6,30729.885000000002,c
store_475,1,27838.855,a
store_475,2,39464.82,a
store_475,3,37524.065,a
store_475,4,28084.37,a
store_475,5,34966.095,a
store_475,6,26291.53,a
store_476,1,36770.805,d
store_476,2,51271.08,d
store_476,3,49066.145000000004,d
store_476,4,40015.825,d
store_476,5,51848.119999999995,d
store_476,6,44607.305,d
store_477,1,21201.13,a
store_477,2,24564.19,a
store_477,3,25260.18,a
store_477,4,22401.35,a
store_477,5,26378.72,a
store_477,6,23652.02,a
store_478,1,38604.175,d
store_478,2,52017.67,d
store_478,3,51826.095,d
store_478,4,40439.165,d
store_478,5,52855.1,d
store_478,6,41050.435,d
store_479,1,41993.81,a
store_479,2,60251.465,a
store_479,3,56628.54,a
store_479,4,46619.695,a
store_479,5,60295.299999999996,a
store_479,6,49329.875,a
store_48,1,38406.55,d
store_48,2,55101.354999999996,d
store_48,3,52515.945,d
store_48,4,40041.065,d
store_48,5,53248.195,d
store_48,6,40454.41,d
store_480,1,32105.39,d
store_480,2,47111.965,d
store_480,3,45231.925,d
store_480,4,33689.33,d
store_480,5,45265.885,d
store_480,6,35866.39,d
store_481,1,22239.545,d
store_481,2,36170.034999999996,d
store_481,3,34056.909999999996,d
store_481,4,25870.56,d
store_481,5,35196.43,d
store_481,6,26714.995000000003,d
store_482,1,19412.425,d
store_482,2,30617.665,d
store_482,3,29836.675,d
store_482,4,21248.63,d
store_482,5,30370.02,d
store_482,6,21817.205,d
store_483,1,35301.265,a
store_483,2,48469.72,a
store_483,3,46513.96,a
store_483,4,35382.965,a
store_483,5,45512.625,a
store_483,6,34778.83,a
store_484,1,46131.465,a
store_484,2,58586.255,a
store_484,3,57272.35,a
store_484,4,46225.17,a
store_484,5,57373.475,a
store_484,6,46789.19,a
store_485,1,21605.515,d
store_485,2,31620.235,d
store_485,3,31896.495,d
store_485,4,23948.585,d
store_485,5,33073.31,d
store_485,6,24188.21,d
store_486,1,28636.96,d
store_486,2,42263.67,d
store_486,3,40616.435,d
store_486,4,33764.21,d
store_486,5,42556.125,d
store_486,6,35664.775,d
store_487,1,32976.965,a
store_487,2,44668.345,a
store_487,3,43183.435,a
store_487,4,34336.585,a
store_487,5,42612.495,a
store_487,6,35767.57,a
store_488,1,28158.365,d
store_488,2,41180.545,d
store_488,3,39464.145,d
store_488,4,29477.53,d
store_488,5,39985.81,d
store_488,6,29943.370000000003,d
store_489,1,48792.88,a
store_489,2,62893.26,a
store_489,3,60847.4,a
store_489,4,48801.42,a
store_489,5,58725.17,a
store_489,6,46901.645000000004,a
store_49,1,27574.34,a
store_49,2,41012.19,a
store_49,3,39655.87,a
store_49,4,30031.5,a
store_49,5,39509.235,a
store_49,6,30750.235,a
store_490,1,41230.805,a
store_490,2,62367.78,a
store_490,3,58018.16,a
store_490,4,43391.9,a
store_490,5,56469.83,a
store_490,6,42791.225,a
store_491,1,29259.795,d
store_491,2,40775.385,d
store_491,3,39561.565,d
store_491,4,31733.16,d
store_491,5,40151.395,d
store_491,6,32750.195,d
store_492,1,22247.04,a
store_492,2,30925.99,a
store_492,3,31750.170000000002,a
store_492,4,25211.335,a
store_492,5,32944.44,a
store_492,6,26581.64,a
store_493,1,30607.420000000002,a
store_493,2,40667.36,a
store_493,3,40878.755,a
store_493,4,32380.33,a
store_493,5,42248.104999999996,a
store_493,6,34433.94,a
store_494,1,22268.41,c
store_494,2,29308.625,c
store_494,3,28933.815,c
store_494,4,22388.74,c
store_494,5,27809.835,c
store_494,6,23060.255,c
store_495,1,29827.965,d
store_495,2,44387.49,d
store_495,3,42346.435,d
store_495,4,30899.305,d
store_495,5,43526.020000000004,d
store_495,6,31206.395,d
store_496,1,28895.940000000002,a
store_496,2,39682.975,a
store_496,3,38827.235,a
store_496,4,29508.95,a
store_496,5,36517.5,a
store_496,6,28595.8,a
store_497,1,33387.925,a
store_497,2,47119.365,a
store_497,3,44750.825000000004,a
store_497,4,34683.545,a
store_497,5,44758.065,a
store_497,6,34693.409999999996,a
store_498,1,30766.745,a
store_498,2,43120.485,a
store_498,3,42080.745,a
store_498,4,33462.015,a
store_498,5,43977.865,a
store_498,6,37102.5,a
store_499,1,41091.875,a
store_499,2,60853.345,a
store_499,3,56803.185,a
store_499,4,46188.96,a
store_499,5,60422.735,a
store_499,6,47791.785,a
store_5,1,35363.265,a
store_5,2,48377.61,a
store_5,3,45969.62,a
store_5,4,36792.17,a
store_5,5,46492.33,a
store_5,6,37295.89,a
store_50,1,39439.075,d
store_50,2,53400.81,d
store_50,3,51444.115,d
store_50,4,40187.275,d
store_50,5,51604.505,d
store_50,6,40485.36,d
store_500,1,39304.94,a
store_500,2,49659.674999999996,a
store_500,3,47260.235,a
store_500,4,36032.175,a
store_500,5,44039.08,a
store_500,6,33780.75,a
store_501,1,28001.76,c
store_501,2,39445.575,c
store_501,3,39255.055,c
store_501,4,29097.575,c
store_501,5,39658.85,c
store_501,6,29986.065,c
store_502,1,58181.64,a
store_502,2,77540.70999999999,a
store_502,3,74723.565,a
store_502,4,58407.15,a
store_502,5,72667.085,a
store_502,6,57577.7,a
store_503,1,32961.479999999996,d
store_503,2,45358.055,d
store_503,3,44824.22,d
store_503,4,33531.365,d
store_503,5,44798.825,d
store_503,6,33420.87,d
store_504,1,26331.489999999998,d
store_504,2,38537.39,d
store_504,3,37098.43,d
store_504,4,27915.465,d
store_504,5,37482.229999999996,d
store_504,6,29130.81,d
store_505,1,26029.725,a
store_505,2,38121.52,a
store_505,3,35031.515,a
store_505,4,27256.405,a
store_505,5,35267.195,a
store_505,6,27187.52,a
store_506,1,22776.475,a
store_506,2,30792.96,a
store_506,3,30356.86,a
store_506,4,25065.24,a
store_506,5,32034.635,a
store_506,6,26160.05,a
store_507,1,30345.25,a
store_507,2,40506.285,a
store_507,3,39751.505,a
store_507,4,30934.12,a
store_507,5,37838.935,a
store_507,6,29761.364999999998,a
store_508,1,18918.47,a
store_508,2,27379.09,a
store_508,3,26675.465,a
store_508,4,19993.975,a
store_508,5,26803.440000000002,a
store_508,6,19714.39,a
store_509,1,24996.255,d
store_509,2,31984.18,d
store_509,3,32423.519999999997,d
store_509,4,25208.34,d
store_509,5,31592.305,d
store_509,6,25006.309999999998,d
store_51,1,41890.215,a
store_51,2,55873.96,a
store_51,3,52486.909999999996,a
store_51,4,39626.795,a
store_51,5,49218.73,a
store_51,6,38425.51,a
store_510,1,40481.03,a
store_510,2,55257.34,a
store_510,3,51782.595,a
store_510,4,38968.555,a
store_510,5,47407.345,a
store_510,6,37042.72,a
store_511,1,31299.23,c
store_511,2,41674.854999999996,c
store_511,3,41901.895000000004,c
store_511,4,33001.13,c
store_511,5,41623.755,c
store_511,6,32959.965000000004,c
store_512,1,33702.7,a
store_512,2,48090.45,a
store_512,3,47408.345,a
store_512,4,36197.615,a
store_512,5,48159.994999999995,a
store_512,6,36489.545,a
store_513,1,39886.97,c
store_513,2,55030.795,c
store_513,3,54092.135,c
store_513,4,42335.345,c
store_513,5,53555.55,c
store_513,6,42109.7,c
store_514,1,28568.23,d
store_514,2,42803.51,d
store_514,3,40529.119999999995,d
store_514,4,30679.93,d
store_514,5,41031.47,d
store_514,6,32195.27,d
store_515,1,21983.935,c
store_515,2,31979.99,c
store_515,3,30589.205,c
store_515,4,23247.435,c
store_515,5,31403.605,c
store_515,6,24234.585,c
store_516,1,49950.7,a
store_516,2,67511.285,a
store_516,3,66083.66,a
store_516,4,52701.494999999995,a
store_516,5,66007.95,a
store_516,6,51183.705,a
store_517,1,29591.255,a
store_517,2,42676.415,a
store_517,3,41357.61,a
store_517,4,32209.02,a
store_517,5,42975.26,a
store_517,6,33148.14,a
store_518,1,35952.01,a
store_518,2,49649.845,a
store_518,3,48476.825,a
store_518,4,37866.96833333334,a
store_518,5,48394.225,a
store_518,6,38898.31,a
store_519,1,41110.06,c
store_519,2,56048.555,c
store_519,3,54957.369999999995,c
store_519,4,44086.625,c
store_519,5,56887.825,c
store_519,6,46346.96,c
store_52,1,18032.09,a
store_52,2,23617.8,a
store_52,3,23101.77,a
store_52,4,18578.38,a
store_52,5,24228.235,a
store_52,6,19265.16,a
store_520,1,34289.275,c
store_520,2,50526.93,c
store_520,3,48525.81,c
store_520,4,40739.625,c
store_520,5,54145.085,c
store_520,6,45045.85,c
store_521,1,19987.22,c
store_521,2,27628.37,c
store_521,3,26839.9,c
store_521,4,21722.935,c
store_521,5,27875.99,c
store_521,6,22649.59,c
store_522,1,42654.115,a
store_522,2,56329.765,a
store_522,3,55456.625,a
store_522,4,44652.77,a
store_522,5,55341.104999999996,a
store_522,6,42563.135,a
store_523,1,49322.66,a
store_523,2,63730.91,a
store_523,3,62619.090000000004,a
store_523,4,52653.095,a
store_523,5,62246.815,a
store_523,6,50967.255,a
store_524,1,23294.78,a
store_524,2,31607.045000000002,a
store_524,3,30874.745,a
store_524,4,24275.74,a
store_524,5,31727.43,a
store_524,6,25179.68,a
store_525,1,37986.27,d
store_525,2,51309.354999999996,d
store_525,3,49448.240000000005,d
store_525,4,37876.17,d
store_525,5,48097.979999999996,d
store_525,6,41207.475,d
store_526,1,34043.72,d
store_526,2,46684.534999999996,d
store_526,3,45365.79,d
store_526,4,34286.055,d
store_526,5,44648.28,d
store_526,6,33581.95,d
store_527,1,28904.114999999998,d
store_527,2,37914.755,d
store_527,3,36308.36,d
store_527,4,29768.795,d
store_527,5,36050.445,d
store_527,6,27780.03,d
store_528,1,44236.74,d
store_528,2,60034.99,d
store_528,3,56128.770000000004,d
store_528,4,42328.55,d
store_528,5,55633.91,d
store_528,6,41423.034999999996,d
store_529,1,34163.1,d
store_529,2,48273.04,d
store_529,3,45639.965000000004,d
store_529,4,36815.270000000004,d
store_529,5,46891.775,d
store_529,6,37829.104999999996,d
store_53,1,60550.085,a
store_53,2,75678.095,a
store_53,3,73702.33,a
store_53,4,59387.604999999996,a
store_53,5,71728.365,a
store_53,6,55712.0,a
store_530,1,31719.065,a
store_530,2,40631.885,a
store_530,3,38281.955,a
store_530,4,29500.73,a
store_530,5,35011.015,a
store_530,6,26926.190000000002,a
store_531,1,24144.96,a
store_531,2,32111.97,a
store_531,3,30549.2,a
store_531,4,24334.845,a
store_531,5,29994.91,a
store_531,6,24025.885000000002,a
store_532,1,22524.19,d
store_532,2,33383.880000000005,d
store_532,3,32626.295,d
store_532,4,24433.165,d
store_532,5,33679.29,d
store_532,6,24772.51,d
store_533,1,34876.655,a
store_533,2,47553.895000000004,a
store_533,3,47312.57,a
store_533,4,39093.795,a
store_533,5,47300.88,a
store_533,6,40845.545,a
store_534,1,42574.375,a
store_534,2,57643.22,a
store_534,3,56163.315,a
store_534,4,46803.39,a
store_534,5,60157.265,a
store_534,6,47638.305,a
store_535,1,18892.535,a
store_535,2,27483.71,a
store_535,3,27026.035,a
store_535,4,20219.425,a
store_535,5,26377.03,a
store_535,6,20261.445,a
store_536,1,28873.85,a
store_536,2,38147.58,a
store_536,3,37353.91,a
store_536,4,28875.485,a
store_536,5,37896.235,a
store_536,6,28947.845,a
store_537,1,21370.25,a
store_537,2,28306.525,a
store_537,3,27900.305,a
store_537,4,21824.975,a
store_537,5,27635.765,a
store_537,6,22033.22,a
store_538,1,28488.5,a
store_538,2,37022.78,a
store_538,3,36251.35,a
store_538,4,28772.33,a
store_538,5,36671.92,a
store_538,6,29621.26,a
store_539,1,33759.045,a
store_539,2,43336.4,a
store_539,3,40841.104999999996,a
store_539,4,31981.184999999998,a
store_539,5,39572.845,a
store_539,6,32019.595,a
store_54,1,20730.7,a
store_54,2,29167.445,a
store_54,3,28453.92,a
store_54,4,21972.114999999998,a
store_54,5,28647.62,a
store_54,6,21651.41,a
store_540,1,35280.69,d
store_540,2,52011.515,d
store_540,3,49664.175,d
store_540,4,38106.93,d
store_540,5,50538.265,d
store_540,6,38980.24,d
store_541,1,45075.645000000004,d
store_541,2,67838.145,d
store_541,3,62015.56,d
store_541,4,49755.965,d
store_541,5,64278.57,d
store_541,6,50761.28,d
store_542,1,34744.25,a
store_542,2,44259.55,a
store_542,3,44071.56,a
store_542,4,34813.46,a
store_542,5,41569.265,a
store_542,6,33324.35,a
store_543,1,38229.65,a
store_543,2,56634.86,a
store_543,3,53516.58,a
store_543,4,40488.1,a
store_543,5,51213.43,a
store_543,6,39328.115,a
store_544,1,50612.895000000004,a
store_544,2,67923.2,a
store_544,3,65347.145000000004,a
store_544,4,52308.215,a
store_544,5,67819.405,a
store_544,6,53691.06,a
store_545,1,38487.94,a
store_545,2,50143.88,a
store_545,3,52031.71,a
store_545,4,41812.11,a
store_545,5,54612.155,a
store_545,6,42863.865,a
store_546,1,16267.83,c
store_546,2,22649.36,c
store_546,3,22894.605,c
store_546,4,19295.395,c
store_546,5,25014.715,c
store_546,6,19618.73,c
store_547,1,34950.425,a
store_547,2,51230.325,a
store_547,3,48453.54,a
store_547,4,37901.604999999996,a
store_547,5,48434.68,a
store_547,6,39181.465000000004,a
store_548,1,31613.755,a
store_548,2,41259.75,a
store_548,3,39649.655,a
store_548,4,30952.895,a
store_548,5,37856.46,a
store_548,6,29864.53,a
store_549,1,50836.44,a
store_549,2,66649.66500000001,a
store_549,3,67618.055,a
store_549,4,50932.035,a
store_549,5,64207.38,a
store_549,6,48718.42,a
store_55,1,41040.69,a
store_55,2,54628.245,a
store_55,3,54817.85,a
store_55,4,42260.88,a
store_55,5,53039.174999999996,a
store_55,6,41638.9,a
store_550,1,33505.015,a
store_550,2,43607.925,a
store_550,3,43465.25,a
store_550,4,34395.015,a
store_550,5,43184.575,a
store_550,6,34113.735,a
store_551,1,18230.215,a
store_551,2,25927.375,a
store_551,3,26006.2,a
store_551,4,19642.3,a
store_551,5,26167.41,a
store_551,6,20312.79,a
store_552,1,48526.355,a
store_552,2,67202.99,a
store_552,3,64374.545,a
store_552,4,50146.01,a
store_552,5,62332.5,a
store_552,6,48551.9,a
store_553,1,28955.010000000002,c
store_553,2,38643.13,c
store_553,3,38384.659999999996,c
store_553,4,30556.940000000002,c
store_553,5,38165.205,c
store_553,6,31802.684999999998,c
store_554,1,39277.205,a
store_554,2,62497.67,a
store_554,3,59618.16,a
store_554,4,45238.735,a
store_554,5,58645.82,a
store_554,6,44694.635,a
store_555,1,46508.145,c
store_555,2,61454.55,c
store_555,3,59422.71,c
store_555,4,46961.44,c
store_555,5,57687.875,c
store_555,6,45193.08,c
store_556,1,25504.815,a
store_556,2,35749.09,a
store_556,3,34706.31,a
store_556,4,27593.475,a
store_556,5,34283.385,a
store_556,6,27870.555,a
store_557,1,30464.33,a
store_557,2,40872.645,a
store_557,3,39335.77,a
store_557,4,29840.15,a
store_557,5,38166.765,a
store_557,6,29050.965,a
store_558,1,35900.735,d
store_558,2,49194.445,d
store_558,3,47410.235,d
store_558,4,35997.015,d
store_558,5,46737.37,d
store_558,6,35482.705,d
store_559,1,19891.08,a
store_559,2,25333.63,a
store_559,3,23551.985,a
store_559,4,18598.84,a
store_559,5,22364.35,a
store_559,6,17477.92,a
store_56,1,20207.79,c
store_56,2,28130.135,c
store_56,3,26586.41,c
store_56,4,20752.25,c
store_56,5,25450.02,c
store_56,6,20435.55,c
store_560,1,38822.725,c
store_560,2,51761.18,c
store_560,3,51265.4,c
store_560,4,42997.395000000004,c
store_560,5,53180.435,c
store_560,6,44937.085,c
store_561,1,31769.85,d
store_561,2,42881.395000000004,d
store_561,3,41662.13,d
store_561,4,31888.010000000002,d
store_561,5,41942.935,d
store_561,6,32570.97,d
store_562,1,30573.215,a
store_562,2,43593.765,a
store_562,3,42712.505,a
store_562,4,32557.88,a
store_562,5,42868.585,a
store_562,6,33601.265,a
store_563,1,35296.195,d
store_563,2,50744.755,d
store_563,3,49622.725,d
store_563,4,36505.805,d
store_563,5,48363.88,d
store_563,6,37205.925,d
store_564,1,29144.125,a
store_564,2,41885.205,a
store_564,3,39996.435,a
store_564,4,31630.755,a
store_564,5,40033.68,a
store_564,6,32976.54,a
store_565,1,33971.595,a
store_565,2,44395.270000000004,a
store_565,3,44685.02,a
store_565,4,35002.545,a
store_565,5,45853.975,a
store_565,6,34656.965,a
store_566,1,29125.144999999997,a
store_566,2,38091.695,a
store_566,3,34976.49,a
store_566,4,29379.81,a
store_566,5,34564.085,a
store_566,6,25835.364999999998,a
store_567,1,31822.315,a
store_567,2,41872.875,a
store_567,3,40702.405,a
store_567,4,30821.184999999998,a
store_567,5,38865.845,a
store_567,6,30005.265,a
store_568,1,30846.695,a
store_568,2,42701.325,a
store_568,3,42049.745,a
store_568,4,33385.85,a
store_568,5,43265.675,a
store_568,6,34151.465000000004,a
store_569,1,30772.105,a
store_569,2,40619.5,a
store_569,3,39571.57,a
store_569,4,30616.715,a
store_569,5,38643.64,a
store_569,6,29196.335,a
store_57,1,29813.155,c
store_57,2,45232.15,c
store_57,3,42921.67,c
store_57,4,31865.755,c
store_57,5,43872.68,c
store_57,6,34244.505,c
store_570,1,37294.365,d
store_570,2,52919.855,d
store_570,3,49971.759999999995,d
store_570,4,39549.005000000005,d
store_570,5,50382.835,d
store_570,6,39752.845,d
store_571,1,46131.15,a
store_571,2,59786.14,a
store_571,3,58472.33,a
store_571,4,46294.79,a
store_571,5,57001.44,a
store_571,6,44596.505,a
store_572,1,28334.135000000002,d
store_572,2,39051.855,d
store_572,3,38712.86,d
store_572,4,28703.36,d
store_572,5,38624.740000000005,d
store_572,6,28305.28,d
store_573,1,32527.775,d
store_573,2,45398.37,d
store_573,3,43974.055,d
store_573,4,34835.865,d
store_573,5,45184.770000000004,d
store_573,6,36131.395000000004,d
store_574,1,35769.255,d
store_574,2,47950.630000000005,d
store_574,3,47114.1,d
store_574,4,37278.045,d
store_574,5,46615.93,d
store_574,6,38200.615,d
store_575,1,34434.51,c
store_575,2,46333.979999999996,c
store_575,3,44818.925,c
store_575,4,35609.325,c
store_575,5,44467.645000000004,c
store_575,6,34818.7,c
store_576,1,22730.16,a
store_576,2,29192.84,a
store_576,3,28265.255,a
store_576,4,23648.975,a
store_576,5,28682.15,a
store_576,6,23193.61,a
store_577,1,21432.595,a
store_577,2,30173.785,a
store_577,3,28811.38,a
store_577,4,22298.89,a
store_577,5,28571.88,a
store_577,6,22027.065,a
store_578,1,37813.979999999996,a
store_578,2,48203.625,a
store_578,3,48429.16,a
store_578,4,39597.56,a
store_578,5,47204.56,a
store_578,6,39121.259999999995,a
store_579,1,61507.435,b
store_579,2,68182.32,b
store_579,3,69481.045,b
store_579,4,66402.24,b
store_579,5,72663.43,b
store_579,6,58451.17,b
store_58,1,28213.655,a
store_58,2,38409.745,a
store_58,3,38158.78,a
store_58,4,28035.204999999998,a
store_58,5,36474.74,a
store_58,6,27456.635000000002,a
store_580,1,28603.985,a
store_580,2,40420.7,a
store_580,3,39099.825000000004,a
store_580,4,30122.170000000002,a
store_580,5,39166.605,a
store_580,6,26955.635000000002,a
store_581,1,38177.945,d
store_581,2,52129.745,d
store_581,3,50696.2,d
store_581,4,38185.61,d
store_581,5,49239.585,d
store_581,6,36606.885,d
store_582,1,31237.795,a
store_582,2,42945.24,a
store_582,3,41484.95,a
store_582,4,31707.15,a
store_582,5,40600.200000000004,a
store_582,6,30726.97,a
store_583,1,24361.135000000002,d
store_583,2,35552.94,d
store_583,3,34243.875,d
store_583,4,26890.255,d
store_583,5,36181.395000000004,d
store_583,6,28117.75,d
store_584,1,15925.855,a
store_584,2,20262.89,a
store_584,3,19955.955,a
store_584,4,16180.145,a
store_584,5,19926.325,a
store_584,6,16182.88,a
store_585,1,33727.925,d
store_585,2,48691.925,d
store_585,3,46542.1,d
store_585,4,35315.145000000004,d
store_585,5,46876.075,d
store_585,6,35936.195,d
store_586,1,31789.655,d
store_586,2,43295.815,d
store_586,3,43173.64,d
store_586,4,33548.15,d
store_586,5,44250.175,d
store_586,6,36690.66,d
store_587,1,30617.895,c
store_587,2,43646.78,c
store_587,3,42965.11,c
store_587,4,32660.379999999997,c
store_587,5,43651.94,c
store_587,6,32418.55,c
store_588,1,45007.185,a
store_588,2,60545.74,a
store_588,3,61157.02,a
store_588,4,47180.86,a
store_588,5,61591.67,a
store_588,6,48131.99,a
store_589,1,35243.78,a
store_589,2,51147.87,a
store_589,3,48773.325,a
store_589,4,35854.495,a
store_589,5,46274.825,a
store_589,6,35032.35,a
store_59,1,36483.53,d
store_59,2,51668.534999999996,d
store_59,3,49807.33,d
store_59,4,38284.15,d
store_59,5,49961.115,d
store_59,6,41687.92,d
store_590,1,23242.1,a
store_590,2,29301.43,a
store_590,3,28930.345,a
store_590,4,22360.505,a
store_590,5,27967.92,a
store_590,6,21133.605,a
store_591,1,35969.735,a
store_591,2,45845.245,a
store_591,3,44609.05,a
store_591,4,33314.625,a
store_591,5,39553.3,a
store_591,6,29968.83,a
store_592,1,21677.905,a
store_592,2,32495.355,a
store_592,3,32498.035,a
store_592,4,28023.04,a
store_592,5,36710.095,a
store_592,6,32094.285,a
store_593,1,14597.735,a
store_593,2,19630.345,a
store_593,3,18735.63,a
store_593,4,14863.775,a
store_593,5,18726.355,a
store_593,6,14634.15,a
store_594,1,33161.235,d
store_594,2,46034.91,d
store_594,3,43796.795,d
store_594,4,32995.265,d
store_594,5,41697.905,d
store_594,6,31291.95,d
store_595,1,34820.61,a
store_595,2,44515.365,a
store_595,3,44246.03,a
store_595,4,34293.765,a
store_595,5,43009.770000000004,a
store_595,6,33685.555,a
store_596,1,32457.61,a
store_596,2,46096.925,a
store_596,3,44536.545,a
store_596,4,33470.905,a
store_596,5,44354.745,a
store_596,6,34019.775,a
store_597,1,25721.215,a
store_597,2,36265.03,a
store_597,3,33254.22,a
store_597,4,25607.285,a
store_597,5,31233.92,a
store_597,6,23965.73,a
store_598,1,37638.07,a
store_598,2,52061.81,a
store_598,3,50557.795,a
store_598,4,38744.84,a
store_598,5,48611.604999999996,a
store_598,6,38213.3,a
store_599,1,27622.455,c
store_599,2,39743.23,c
store_599,3,38473.335,c
store_599,4,28540.795,c
store_599,5,37396.205,c
store_599,6,28069.525,c
store_6,1,28096.129999999997,a
store_6,2,38662.9,a
store_6,3,35648.995,a
store_6,4,27377.165,a
store_6,5,34512.87,a
store_6,6,26999.395,a
store_60,1,28591.89,d
store_60,2,41132.0,d
store_60,3,38766.42,d
store_60,4,32077.53,d
store_60,5,39962.895000000004,d
store_60,6,34674.39,d
store_600,1,42009.465,c
store_600,2,58020.84,c
store_600,3,56930.595,c
store_600,4,45720.97,c
store_600,5,58515.12,c
store_600,6,45497.11,c
store_601,1,22275.49,a
store_601,2,30375.495,a
store_601,3,28826.225,a
store_601,4,21916.53,a
store_601,5,26887.265,a
store_601,6,20997.36,a
store_602,1,28334.985,a
store_602,2,37027.755,a
store_602,3,37357.020000000004,a
store_602,4,28622.475,a
store_602,5,39066.8,a
store_602,6,30970.855,a
store_603,1,27612.14,a
store_603,2,36718.32,a
store_603,3,35794.585,a
store_603,4,28292.645,a
store_603,5,36326.59,a
store_603,6,29677.760000000002,a
store_604,1,24112.605,a
store_604,2,32886.38,a
store_604,3,31470.035,a
store_604,4,23721.96,a
store_604,5,29365.175,a
store_604,6,22434.93,a
store_605,1,21820.29,a
store_605,2,34015.61,a
store_605,3,31633.485,a
store_605,4,24384.19,a
store_605,5,32238.515,a
store_605,6,24964.605,a
store_606,1,23225.91,d
store_606,2,33006.96,d
store_606,3,31909.07,d
store_606,4,24112.120000000003,d
store_606,5,33447.835,d
store_606,6,24218.87,d
store_607,1,22970.265,a
store_607,2,30523.11,a
store_607,3,29970.940000000002,a
store_607,4,24118.75,a
store_607,5,30233.565,a
store_607,6,24696.739999999998,a
store_608,1,26298.71,a
store_608,2,35910.265,a
store_608,3,33978.555,a
store_608,4,25472.95,a
store_608,5,31531.505,a
store_608,6,23703.27,a
store_609,1,32085.515,a
store_609,2,42013.705,a
store_609,3,42515.590000000004,a
store_609,4,33007.145000000004,a
store_609,5,41726.905,a
store_609,6,34160.79,a
store_61,1,37625.36,d
store_61,2,55432.98,d
store_61,3,54037.425,d
store_61,4,40424.665,d
store_61,5,52650.41,d
store_61,6,40387.355,d
store_610,1,35186.605,c
store_610,2,53573.945,c
store_610,3,50725.58,c
store_610,4,40651.34,c
store_610,5,52782.705,c
store_610,6,42812.895000000004,c
store_611,1,28071.13,a
store_611,2,41248.675,a
store_611,3,40527.875,a
store_611,4,31717.945,a
store_611,5,42117.59,a
store_611,6,33196.05,a
store_612,1,45331.119999999995,d
store_612,2,64073.41,d
store_612,3,62029.405,d
store_612,4,49032.06,d
store_612,5,62978.15,d
store_612,6,50313.795,d
store_613,1,31320.475,a
store_613,2,41370.67,a
store_613,3,40326.98,a
store_613,4,31320.295,a
store_613,5,38185.765,a
store_613,6,29704.84,a
store_614,1,16394.06,a
store_614,2,22259.204999999998,a
store_614,3,21419.885,a
store_614,4,17094.52,a
store_614,5,21444.84,a
store_614,6,16796.8,a
store_615,1,43040.33,a
store_615,2,59565.69,a
store_615,3,58787.735,a
store_615,4,44661.75,a
store_615,5,54124.085,a
store_615,6,40828.405,a
store_616,1,30814.425,d
store_616,2,41180.6,d
store_616,3,40744.07,d
store_616,4,32421.989999999998,d
store_616,5,41109.37,d
store_616,6,33068.22,d
store_617,1,27387.809999999998,c
store_617,2,43330.28,c
store_617,3,40612.95,c
store_617,4,31303.46,c
store_617,5,41889.015,c
store_617,6,34445.55,c
store_618,1,39721.744999999995,a
store_618,2,54024.43,a
store_618,3,56426.1,a
store_618,4,41812.425,a
store_618,5,55331.295,a
store_618,6,41323.354999999996,a
store_619,1,33432.565,a
store_619,2,49053.325,a
store_619,3,47628.869999999995,a
store_619,4,36348.825,a
store_619,5,48039.99,a
store_619,6,36851.88,a
store_62,1,32139.739999999998,a
store_62,2,47392.155,a
store_62,3,45512.25,a
store_62,4,34001.905,a
store_62,5,43156.9,a
store_62,6,33006.825,a
store_620,1,29101.17,c
store_620,2,40764.655,c
store_620,3,39178.409999999996,c
store_620,4,30284.47,c
store_620,5,38889.675,c
store_620,6,30575.29,c
store_621,1,37351.729999999996,a
store_621,2,51461.935,a
store_621,3,50204.53,a
store_621,4,39066.18,a
store_621,5,49341.78,a
store_621,6,38515.43,a
store_622,1,43558.205,c
store_622,2,58820.455,c
store_622,3,57699.399999999994,c
store_622,4,42876.085,c
store_622,5,53664.915,c
store_622,6,41139.815,c
store_623,1,21859.760000000002,a
store_623,2,35014.675,a
store_623,3,34213.86,a
store_623,4,24580.094999999998,a
store_623,5,33956.94,a
store_623,6,25249.29,a
store_624,1,22040.91,d
store_624,2,32846.675,d
store_624,3,32068.88,d
store_624,4,23251.815,d
store_624,5,33684.49,d
store_624,6,22638.75,d
store_625,1,26193.45,d
store_625,2,36051.48,d
store_625,3,35660.520000000004,d
store_625,4,28772.315000000002,d
store_625,5,36494.175,d
store_625,6,29693.934999999998,d
store_626,1,27874.225,a
store_626,2,37223.625,a
store_626,3,35598.075,a
store_626,4,27717.775,a
store_626,5,33791.41,a
store_626,6,26608.38,a
store_627,1,38931.935,a
store_627,2,50208.675,a
store_627,3,47596.415,a
store_627,4,36670.785,a
store_627,5,43775.22,a
store_627,6,34594.175,a
store_628,1,39539.965,a
store_628,2,53509.465000000004,a
store_628,3,51241.295,a
store_628,4,38968.82,a
store_628,5,48325.785,a
store_628,6,36761.27,a
store_629,1,19241.345,a
store_629,2,25023.27,a
store_629,3,24825.03,a
store_629,4,19281.2,a
store_629,5,24184.33,a
store_629,6,19401.195,a
store_63,1,27756.25,a
store_63,2,40265.865,a
store_63,3,38239.655,a
store_63,4,31169.275,a
store_63,5,40946.93,a
store_63,6,34357.095,a
store_630,1,28135.42,c
store_630,2,40223.135,c
store_630,3,39705.595,c
store_630,4,30369.72,c
store_630,5,41314.925,c
store_630,6,31219.004999999997,c
store_631,1,58369.259999999995,a
store_631,2,73932.035,a
store_631,3,70689.38,a
store_631,4,63625.119999999995,a
store_631,5,69102.115,a
store_631,6,56450.93,a
store_632,1,22903.93,a
store_632,2,33014.395,a
store_632,3,31116.28,a
store_632,4,23637.6,a
store_632,5,30570.295000000002,a
store_632,6,23200.010000000002,a
store_633,1,35391.755,d
store_633,2,50090.68,d
store_633,3,47807.315,d
store_633,4,36097.885,d
store_633,5,47742.04,d
store_633,6,36130.105,d
store_634,1,34941.24,d
store_634,2,47342.755000000005,d
store_634,3,46659.965,d
store_634,4,36828.71,d
store_634,5,46668.295,d
store_634,6,37039.78,d
store_635,1,38952.41,c
store_635,2,55424.915,c
store_635,3,53222.94,c
store_635,4,41632.06,c
store_635,5,53441.34,c
store_635,6,40880.565,c
store_636,1,32768.79,a
store_636,2,42978.59,a
store_636,3,42369.615,a
store_636,4,32801.9,a
store_636,5,40507.18,a
store_636,6,32878.32,a
store_637,1,39487.925,a
store_637,2,55870.75,a
store_637,3,53924.33,a
store_637,4,42190.74,a
store_637,5,52358.93,a
store_637,6,42882.305,a
store_638,1,31053.09,a
store_638,2,45628.865,a
store_638,3,44199.735,a
store_638,4,34274.265,a
store_638,5,45191.9,a
store_638,6,34717.7,a
store_639,1,31296.33,d
store_639,2,44634.76,d
store_639,3,43348.885,d
store_639,4,33757.775,d
store_639,5,44798.71,d
store_639,6,34764.5,d
store_64,1,38677.48,a
store_64,2,49200.785,a
store_64,3,47979.520000000004,a
store_64,4,38225.455,a
store_64,5,46456.07,a
store_64,6,37053.445,a
store_640,1,31413.344999999998,a
store_640,2,43505.175,a
store_640,3,41479.645000000004,a
store_640,4,30865.785,a
store_640,5,37806.59,a
store_640,6,28777.565,a
store_641,1,44363.2,c
store_641,2,60420.725,c
store_641,3,60774.350000000006,c
store_641,4,47982.495,c
store_641,5,59089.005,c
store_641,6,46405.5,c
store_642,1,34228.91,a
store_642,2,45132.49,a
store_642,3,44239.845,a
store_642,4,34425.595,a
store_642,5,43213.875,a
store_642,6,34063.130000000005,a
store_643,1,41036.229999999996,d
store_643,2,56931.505000000005,d
store_643,3,54533.68,d
store_643,4,44599.445,d
store_643,5,54942.875,d
store_643,6,45214.11,d
store_644,1,28605.795,d
store_644,2,43147.155,d
store_644,3,42097.575,d
store_644,4,30626.735,d
store_644,5,42762.76,d
store_644,6,30189.72,d
store_645,1,23039.255,a
store_645,2,33884.62,a
store_645,3,33265.185,a
store_645,4,26273.835,a
store_645,5,34558.135,a
store_645,6,27870.06,a
store_646,1,44278.645,a
store_646,2,57797.69,a
store_646,3,55077.985,a
store_646,4,42155.215,a
store_646,5,50922.975,a
store_646,6,40288.405,a
store_647,1,41362.84,a
store_647,2,52512.7,a
store_647,3,50644.84,a
store_647,4,38658.905,a
store_647,5,46622.17,a
store_647,6,36470.005,a
store_648,1,23325.739999999998,d
store_648,2,30710.985,d
store_648,3,30516.995000000003,d
store_648,4,25097.260000000002,d
store_648,5,31446.735,d
store_648,6,25602.43,d
store_649,1,32538.59,c
store_649,2,47151.535,c
store_649,3,46534.45,c
store_649,4,34979.35,c
store_649,5,45200.47,c
store_649,6,34660.945,c
store_65,1,33558.475,a
store_65,2,47299.015,a
store_65,3,46581.84,a
store_65,4,37671.24,a
store_65,5,48968.33,a
store_65,6,39598.845,a
store_650,1,30726.105,a
store_650,2,40752.45,a
store_650,3,40025.975,a
store_650,4,31447.739999999998,a
store_650,5,38985.745,a
store_650,6,30368.18,a
store_651,1,34798.515,a
store_651,2,46021.090000000004,a
store_651,3,45010.89,a
store_651,4,34613.86,a
store_651,5,43388.33,a
store_651,6,34365.66,a
store_652,1,49393.25,a
store_652,2,66714.87,a
store_652,3,62150.515,a
store_652,4,49513.955,a
store_652,5,61601.945,a
store_652,6,51435.825,a
store_653,1,20003.005,a
store_653,2,27367.760000000002,a
store_653,3,26847.97,a
store_653,4,21197.695,a
store_653,5,26885.585,a
store_653,6,23347.45,a
store_654,1,21431.645,a
store_654,2,29628.850000000002,a
store_654,3,28590.815000000002,a
store_654,4,22520.95,a
store_654,5,29033.34,a
store_654,6,22933.12,a
store_655,1,37049.625,d
store_655,2,53457.16499999999,d
store_655,3,50523.485,d
store_655,4,39258.57,d
store_655,5,50851.979999999996,d
store_655,6,38978.475,d
store_656,1,39286.72,a
store_656,2,61244.34,a
store_656,3,57061.745,a
store_656,4,42444.43,a
store_656,5,56435.395000000004,a
store_656,6,42369.405,a
store_657,1,29492.375,d
store_657,2,37854.94,d
store_657,3,36099.975,d
store_657,4,30135.77,d
store_657,5,35488.335,d
store_657,6,30010.465,d
store_658,1,30667.22,a
store_658,2,39703.095,a
store_658,3,38716.81,a
store_658,4,30561.395,a
store_658,5,37188.315,a
store_658,6,28751.33,a
store_659,1,24461.425,a
store_659,2,38712.41,a
store_659,3,36582.795,a
store_659,4,27503.95,a
store_659,5,35133.505,a
store_659,6,25873.36,a
store_66,1,25473.6,a
store_66,2,34355.11,a
store_66,3,34890.005,a
store_66,4,28874.265,a
store_66,5,36447.97,a
store_66,6,32649.475,a
store_660,1,33026.71,d
store_660,2,46862.485,d
store_660,3,45097.905,d
store_660,4,34037.415,d
store_660,5,45258.29,d
store_660,6,34206.755,d
store_661,1,21974.72,a
store_661,2,28185.35,a
store_661,3,26654.3,a
store_661,4,21304.105,a
store_661,5,27193.86,a
store_661,6,20951.845,a
store_662,1,49702.44,d
store_662,2,67769.2,d
store_662,3,64415.755,d
store_662,4,49609.985,d
store_662,5,62711.65,d
store_662,6,49326.72,d
store_663,1,43052.505,a
store_663,2,62721.19,a
store_663,3,58400.130000000005,a
store_663,4,46091.56,a
store_663,5,57319.11,a
store_663,6,48215.935,a
store_664,1,27646.07,a
store_664,2,35582.57,a
store_664,3,34823.54,a
store_664,4,27519.195,a
store_664,5,33334.625,a
store_664,6,28540.99,a
store_665,1,72393.125,b
store_665,2,81514.78,b
store_665,3,80846.1,b
store_665,4,77385.22,b
store_665,5,83468.59,b
store_665,6,66893.805,b
store_666,1,49626.92,a
store_666,2,64834.29,a
store_666,3,63985.365,a
store_666,4,54008.4,a
store_666,5,61006.305,a
store_666,6,49751.16499999999,a
store_667,1,22404.695,a
store_667,2,34089.015,a
store_667,3,32196.44,a
store_667,4,22640.15,a
store_667,5,30455.34,a
store_667,6,21952.56,a
store_668,1,51856.3,d
store_668,2,73911.285,d
store_668,3,69422.21,d
store_668,4,55259.96,d
store_668,5,69796.075,d
store_668,6,53543.595,d
store_669,1,28598.0,d
store_669,2,39499.455,d
store_669,3,38675.055,d
store_669,4,30548.59,d
store_669,5,39366.255,d
store_669,6,31832.735,d
store_67,1,34022.055,d
store_67,2,48088.38,d
store_67,3,46312.015,d
store_67,4,35704.335,d
store_67,5,47034.44,d
store_67,6,36758.14,d
store_670,1,24778.2,c
store_670,2,37989.385,c
store_670,3,37068.07,c
store_670,4,30666.475,c
store_670,5,41221.805,c
store_670,6,37159.345,c
store_671,1,26123.82,a
store_671,2,35713.840000000004,a
store_671,3,36022.61,a
store_671,4,27778.760000000002,a
store_671,5,36262.555,a
store_671,6,28928.81,a
store_672,1,20941.395,a
store_672,2,29829.934999999998,a
store_672,3,29040.315,a
store_672,4,21639.805,a
store_672,5,28829.03,a
store_672,6,21243.364999999998,a
store_673,1,38006.13,c
store_673,2,51415.795,c
store_673,3,48085.095,c
store_673,4,35955.19,c
store_673,5,43482.16,c
store_673,6,32549.305,c
store_674,1,34497.55,a
store_674,2,46897.495,a
store_674,3,46737.275,a
store_674,4,36681.505000000005,a
store_674,5,47015.795,a
store_674,6,36012.46,a
store_675,1,118758.545,a
store_675,2,141603.155,a
store_675,3,137258.925,a
store_675,4,121292.575,a
store_675,5,135375.98,a
store_675,6,118697.125,a
store_676,1,35264.755,d
store_676,2,49837.28,d
store_676,3,47728.735,d
store_676,4,39746.465,d
store_676,5,48564.25,d
store_676,6,40534.455,d
store_68,1,32038.92,a
store_68,2,40884.225,a
store_68,3,39661.05,a
store_68,4,31909.655,a
store_68,5,37938.56,a
store_68,6,30860.72,a
store_69,1,17985.2,a
store_69,2,24747.4,a
store_69,3,24159.0,a
store_69,4,19082.525,a
store_69,5,24720.510000000002,a
store_69,6,19876.71,a
store_7,1,37700.515,a
store_7,2,51087.355,a
store_7,3,50390.01,a
store_7,4,40526.515,a
store_7,5,49426.38,a
store_7,6,39889.22,a
store_70,1,43683.515,d
store_70,2,65487.185,d
store_70,3,61465.11,d
store_70,4,48926.09,d
store_70,5,62439.89,d
store_70,6,50969.32,d
store_71,1,29157.41,a
store_71,2,41574.015,a
store_71,3,40108.25,a
store_71,4,31406.775,a
store_71,5,40893.98,a
store_71,6,34047.225,a
store_72,1,34576.979999999996,d
store_72,2,46585.265,d
store_72,3,45139.21,d
store_72,4,33457.19,d
store_72,5,44302.24,d
store_72,6,31856.61,d
store_73,1,57406.17,a
store_73,2,72305.915,a
store_73,3,71653.86,a
store_73,4,63453.725,a
store_73,5,71352.98,a
store_73,6,58223.145000000004,a
store_74,1,22147.025,a
store_74,2,27510.84,a
store_74,3,26516.385,a
store_74,4,20344.475,a
store_74,5,25774.125,a
store_74,6,19868.61,a
store_75,1,24689.204999999998,d
store_75,2,34258.99,d
store_75,3,33534.805,d
store_75,4,24456.09,d
store_75,5,32965.375,d
store_75,6,23699.2,d
store_76,1,43247.755,d
store_76,2,60778.505,d
store_76,3,58418.91,d
store_76,4,47797.135,d
store_76,5,60570.25,d
store_76,6,48114.85,d
store_77,1,26208.185,c
store_77,2,34144.5,c
store_77,3,33136.715,c
store_77,4,25704.61,c
store_77,5,32600.83,c
store_77,6,25864.34,c
store_78,1,25019.93,c
store_78,2,33327.465,c
store_78,3,32436.11,c
store_78,4,25327.96,c
store_78,5,32553.86,c
store_78,6,26456.19,c
store_79,1,32134.879999999997,d
store_79,2,43982.475,d
store_79,3,43562.525,d
store_79,4,33174.15,d
store_79,5,43223.86,d
store_79,6,33625.47,d
store_8,1,37053.25,a
store_8,2,53031.62,a
store_8,3,52464.77,a
store_8,4,42169.130000000005,a
store_8,5,54490.43,a
store_8,6,43854.78,a
store_80,1,37220.495,a
store_80,2,48570.205,a
store_80,3,46606.795,a
store_80,4,36600.020000000004,a
store_80,5,44132.555,a
store_80,6,34730.62,a
store_81,1,28286.855,c
store_81,2,40602.595,c
store_81,3,39121.55,c
store_81,4,30857.75,c
store_81,5,40631.3,c
store_81,6,31931.12,c
store_82,1,21159.755,a
store_82,2,27236.725,a
store_82,3,26590.704999999998,a
store_82,4,21045.495,a
store_82,5,25499.53,a
store_82,6,20355.645,a
store_83,1,30693.35,d
store_83,2,50532.345,d
store_83,3,46738.975,d
store_83,4,35402.955,d
store_83,5,48272.18,d
store_83,6,36390.270000000004,d
store_84,1,39736.535,d
store_84,2,53335.285,d
store_84,3,51164.715,d
store_84,4,39439.08,d
store_84,5,51039.13,d
store_84,6,39251.784999999996,d
store_85,1,39038.784999999996,d
store_85,2,57203.825,d
store_85,3,54921.235,d
store_85,4,42372.055,d
store_85,5,55241.215,d
store_85,6,43915.155,d
store_86,1,43716.445,c
store_86,2,62269.759999999995,c
store_86,3,60301.005000000005,c
store_86,4,48883.83,c
store_86,5,60749.05,c
store_86,6,50732.475,c
store_87,1,25535.23,a
store_87,2,36933.15,a
store_87,3,34379.855,a
store_87,4,24934.495000000003,a
store_87,5,32610.575,a
store_87,6,24312.735,a
store_88,1,26506.105,a
store_88,2,35167.815,a
store_88,3,32035.045,a
store_88,4,24900.114999999998,a
store_88,5,29977.58,a
store_88,6,23112.15,a
store_89,1,44253.595,d
store_89,2,61741.845,d
store_89,3,59067.8,d
store_89,4,44543.99,d
store_89,5,58695.725,d
store_89,6,44206.11,d
store_9,1,25897.175,a
store_9,2,35190.185,a
store_9,3,33645.955,a
store_9,4,25080.91,a
store_9,5,32415.92,a
store_9,6,24381.955,a
store_90,1,47019.065,a
store_90,2,63932.885,a
store_90,3,60679.07,a
store_90,4,47212.87,a
store_90,5,58798.335,a
store_90,6,46624.560000000005,a
store_91,1,39547.83,d
store_91,2,52141.26,d
store_91,3,50105.82,d
store_91,4,39281.345,d
store_91,5,47912.435,d
store_91,6,39604.26,d
store_92,1,29274.34,d
store_92,2,42202.34,d
store_92,3,40578.29,d
store_92,4,33218.315,d
store_92,5,44108.19,d
store_92,6,36777.015,d
store_93,1,35998.355,a
store_93,2,45785.595,a
store_93,3,45205.715,a
store_93,4,35918.75,a
store_93,5,43359.085,a
store_93,6,35496.28,a
store_94,1,38002.020000000004,d
store_94,2,53753.88,d
store_94,3,51116.965,d
store_94,4,40501.665,d
store_94,5,51704.965,d
store_94,6,40331.745,d
store_95,1,27412.07,a
store_95,2,36471.025,a
store_95,3,36105.104999999996,a
store_95,4,28019.59,a
store_95,5,37128.765,a
store_95,6,28657.395,a
store_96,1,37703.71,a
store_96,2,53773.549999999996,a
store_96,3,50739.54,a
store_96,4,37961.155,a
store_96,5,49609.32,a
store_96,6,37045.05,a
store_97,1,26358.855000000003,d
store_97,2,37067.385,d
store_97,3,35808.51,d
store_97,4,26030.445,d
store_97,5,34094.52,d
store_97,6,24652.239999999998,d
store_98,1,19200.46,a
store_98,2,25545.54,a
store_98,3,25175.285,a
store_98,4,19275.775,a
store_98,5,23469.11,a
store_98,6,18618.465,a
store_99,1,35779.09,a
store_99,2,50257.185,a
store_99,3,46988.285,a
store_99,4,35904.07,a
store_99,5,43765.625,a
store_99,6,33255.905,a
